Descripcion;Colección;Prefijo_Coleccion;Codigo_Producto;SKU;Foto_Comodin_Coleccion;Foto_Real_Codigo_Producto;Precio_EUR;Precio_COP;Multiplicador
New appetizer plate;GIALLO FIORE;GF;110;GF110;Giallo_Fiore.png;110.jpg;EUR 44,72;COP 563.472;12600
;BIANCO FIORE;BF;110;BF110;Bianco_Fiore.png;110.jpg;EUR 44,72;COP 563.472;
;MAZZETTO;MZ;110;MZ110;Mazzetto.png;110.jpg;EUR 53,38;COP 672.538;
;GAROFANO BLU;GB;110;GB110;Garofano_Blu.png;110.jpg;EUR 64,20;COP 808.920;
;GAROFANO IMOLA;GI;110;GI110;Garofano_Imola.png;110.jpg;EUR 71,41;COP 899.741;
;GAROFANO TIFFANY;GT;110;GT110;Garofano_Tiffany.png;110.jpg;EUR 71,41;COP 899.741;
;GAROFANO ROSA;GP;110;GP110;Garofano_Rosa.png;110.jpg;EUR 71,41;COP 899.741;
;GAROFANO LAVI;GL;110;GL110;Garofano_Lavi.png;110.jpg;EUR 71,41;COP 899.741;
;ROSSO E ORO;GRG;110;GRG110;Rosso_E_Oro.png;110.jpg;EUR 78,55;COP 989.715;
;AVORIO E ORO;GIG;110;GIG110;Avorio_E_Oro.png;110.jpg;EUR 78,55;COP 989.715;
Small jam jar;GIALLO FIORE;GF;001;GF001;Giallo_Fiore.png;001.jpg;EUR 31,74;COP 399.874;
;BIANCO FIORE;BF;001;BF001;Bianco_Fiore.png;001.jpg;EUR 31,74;COP 399.874;
;MAZZETTO;MZ;001;MZ001;Mazzetto.png;001.jpg;EUR 34,62;COP 436.262;
;GAROFANO BLU;GB;001;GB001;Garofano_Blu.png;001.jpg;EUR 37,51;COP 472.651;
;GAROFANO IMOLA;GI;001;GI001;Garofano_Imola.png;001.jpg;EUR 41,84;COP 527.184;
;GAROFANO TIFFANY;GT;001;GT001;Garofano_Tiffany.png;001.jpg;EUR 41,84;COP 527.184;
;GAROFANO ROSA;GP;001;GP001;Garofano_Rosa.png;001.jpg;EUR 41,84;COP 527.184;
;GAROFANO LAVI;GL;001;GL001;Garofano_Lavi.png;001.jpg;EUR 41,84;COP 527.184;
;ROSSO E ORO;GRG;001;GRG001;Rosso_E_Oro.png;001.jpg;EUR 46,02;COP 579.902;
;AVORIO E ORO;GIG;001;GIG001;Avorio_E_Oro.png;001.jpg;EUR 46,02;COP 579.902;
Large jam jar;GIALLO FIORE;GF;002;GF002;Giallo_Fiore.png;002.jpg;EUR 36,78;COP 463.478;
;BIANCO FIORE;BF;002;BF002;Bianco_Fiore.png;002.jpg;EUR 36,78;COP 463.478;
;MAZZETTO;MZ;002;MZ002;Mazzetto.png;002.jpg;EUR 38,95;COP 490.795;
;GAROFANO BLU;GB;002;GB002;Garofano_Blu.png;002.jpg;EUR 42,56;COP 536.256;
;GAROFANO IMOLA;GI;002;GI002;Garofano_Imola.png;002.jpg;EUR 49,05;COP 618.005;
;GAROFANO TIFFANY;GT;002;GT002;Garofano_Tiffany.png;002.jpg;EUR 49,05;COP 618.005;
;GAROFANO ROSA;GP;002;GP002;Garofano_Rosa.png;002.jpg;EUR 49,05;COP 618.005;
;GAROFANO LAVI;GL;002;GL002;Garofano_Lavi.png;002.jpg;EUR 49,05;COP 618.005;
;ROSSO E ORO;GRG;002;GRG002;Rosso_E_Oro.png;002.jpg;EUR 53,95;COP 679.805;
;AVORIO E ORO;GIG;002;GIG002;Avorio_E_Oro.png;002.jpg;EUR 53,95;COP 679.805;
Small serving boat;GIALLO FIORE;GF;003;GF003;Giallo_Fiore.png;003.jpg;EUR 64,20;COP 808.920;
;BIANCO FIORE;BF;003;BF003;Bianco_Fiore.png;003.jpg;EUR 64,20;COP 808.920;
;MAZZETTO;MZ;003;MZ003;Mazzetto.png;003.jpg;EUR 67,08;COP 845.208;
;GAROFANO BLU;GB;003;GB003;Garofano_Blu.png;003.jpg;EUR 69,97;COP 881.597;
;GAROFANO IMOLA;GI;003;GI003;Garofano_Imola.png;003.jpg;EUR 81,51;COP 1.027.051;
;GAROFANO TIFFANY;GT;003;GT003;Garofano_Tiffany.png;003.jpg;EUR 81,51;COP 1.027.051;
;GAROFANO ROSA;GP;003;GP003;Garofano_Rosa.png;003.jpg;EUR 81,51;COP 1.027.051;
;GAROFANO LAVI;GL;003;GL003;Garofano_Lavi.png;003.jpg;EUR 81,51;COP 1.027.051;
;ROSSO E ORO;GRG;003;GRG003;Rosso_E_Oro.png;003.jpg;EUR 89,66;COP 1.129.756;
;AVORIO E ORO;GIG;003;GIG003;Avorio_E_Oro.png;003.jpg;EUR 89,66;COP 1.129.756;
Large serving boat;GIALLO FIORE;GF;004;GF004;Giallo_Fiore.png;004.jpg;EUR 75,02;COP 945.202;
;BIANCO FIORE;BF;004;BF004;Bianco_Fiore.png;004.jpg;EUR 75,02;COP 945.202;
;MAZZETTO;MZ;004;MZ004;Mazzetto.png;004.jpg;EUR 78,62;COP 990.662;
;GAROFANO BLU;GB;004;GB004;Garofano_Blu.png;004.jpg;EUR 79,34;COP 999.734;
;GAROFANO IMOLA;GI;004;GI004;Garofano_Imola.png;004.jpg;EUR 98,10;COP 1.236.010;
;GAROFANO TIFFANY;GT;004;GT004;Garofano_Tiffany.png;004.jpg;EUR 98,10;COP 1.236.010;
;GAROFANO ROSA;GP;004;GP004;Garofano_Rosa.png;004.jpg;EUR 98,10;COP 1.236.010;
;GAROFANO LAVI;GL;004;GL004;Garofano_Lavi.png;004.jpg;EUR 98,10;COP 1.236.010;
;ROSSO E ORO;GRG;004;GRG004;Rosso_E_Oro.png;004.jpg;EUR 107,91;COP 1.359.611;
;AVORIO E ORO;GIG;004;GIG004;Avorio_E_Oro.png;004.jpg;EUR 107,91;COP 1.359.611;
Wine mug;GIALLO FIORE;GF;005;GF005;Giallo_Fiore.png;005.jpg;EUR 23,08;COP 290.808;
;BIANCO FIORE;BF;005;BF005;Bianco_Fiore.png;005.jpg;EUR 23,08;COP 290.808;
;MAZZETTO;MZ;005;MZ005;Mazzetto.png;005.jpg;EUR 25,97;COP 327.197;
;GAROFANO BLU;GB;005;GB005;Garofano_Blu.png;005.jpg;EUR 29,58;COP 372.658;
;GAROFANO IMOLA;GI;005;GI005;Garofano_Imola.png;005.jpg;EUR 34,62;COP 436.262;
;GAROFANO TIFFANY;GT;005;GT005;Garofano_Tiffany.png;005.jpg;EUR 34,62;COP 436.262;
;GAROFANO ROSA;GP;005;GP005;Garofano_Rosa.png;005.jpg;EUR 34,62;COP 436.262;
;GAROFANO LAVI;GL;005;GL005;Garofano_Lavi.png;005.jpg;EUR 34,62;COP 436.262;
;ROSSO E ORO;GRG;005;GRG005;Rosso_E_Oro.png;005.jpg;EUR 38,09;COP 479.889;
;AVORIO E ORO;GIG;005;GIG005;Avorio_E_Oro.png;005.jpg;EUR 38,09;COP 479.889;
Biscuit bowl;GIALLO FIORE;GF;006;GF006;Giallo_Fiore.png;006.jpg;EUR 69,97;COP 881.597;
;BIANCO FIORE;BF;006;BF006;Bianco_Fiore.png;006.jpg;EUR 69,97;COP 881.597;
;MAZZETTO;MZ;006;MZ006;Mazzetto.png;006.jpg;EUR 74,30;COP 936.130;
;GAROFANO BLU;GB;006;GB006;Garofano_Blu.png;006.jpg;EUR 77,18;COP 972.518;
;GAROFANO IMOLA;GI;006;GI006;Garofano_Imola.png;006.jpg;EUR 83,67;COP 1.054.267;
;GAROFANO TIFFANY;GT;006;GT006;Garofano_Tiffany.png;006.jpg;EUR 83,67;COP 1.054.267;
;GAROFANO ROSA;GP;006;GP006;Garofano_Rosa.png;006.jpg;EUR 83,67;COP 1.054.267;
;GAROFANO LAVI;GL;006;GL006;Garofano_Lavi.png;006.jpg;EUR 83,67;COP 1.054.267;
;ROSSO E ORO;GRG;006;GRG006;Rosso_E_Oro.png;006.jpg;EUR 92,04;COP 1.159.694;
;AVORIO E ORO;GIG;006;GIG006;Avorio_E_Oro.png;006.jpg;EUR 92,04;COP 1.159.694;
Jug 0.25;GIALLO FIORE;GF;007;GF007;Giallo_Fiore.png;007.jpg;EUR 26,69;COP 336.269;
;BIANCO FIORE;BF;007;BF007;Bianco_Fiore.png;007.jpg;EUR 26,69;COP 336.269;
;MAZZETTO;MZ;007;MZ007;Mazzetto.png;007.jpg;EUR 27,41;COP 345.341;
;GAROFANO BLU;GB;007;GB007;Garofano_Blu.png;007.jpg;EUR 33,90;COP 427.190;
;GAROFANO IMOLA;GI;007;GI007;Garofano_Imola.png;007.jpg;EUR 35,34;COP 445.334;
;GAROFANO TIFFANY;GT;007;GT007;Garofano_Tiffany.png;007.jpg;EUR 35,34;COP 445.334;
;GAROFANO ROSA;GP;007;GP007;Garofano_Rosa.png;007.jpg;EUR 35,34;COP 445.334;
;GAROFANO LAVI;GL;007;GL007;Garofano_Lavi.png;007.jpg;EUR 35,34;COP 445.334;
;ROSSO E ORO;GRG;007;GRG007;Rosso_E_Oro.png;007.jpg;EUR 38,88;COP 489.868;
;AVORIO E ORO;GIG;007;GIG007;Avorio_E_Oro.png;007.jpg;EUR 38,88;COP 489.868;
Jug 0.50;GIALLO FIORE;GF;008;GF008;Giallo_Fiore.png;008.jpg;EUR 30,30;COP 381.730;
;BIANCO FIORE;BF;008;BF008;Bianco_Fiore.png;008.jpg;EUR 30,30;COP 381.730;
;MAZZETTO;MZ;008;MZ008;Mazzetto.png;008.jpg;EUR 31,74;COP 399.874;
;GAROFANO BLU;GB;008;GB008;Garofano_Blu.png;008.jpg;EUR 38,23;COP 481.723;
;GAROFANO IMOLA;GI;008;GI008;Garofano_Imola.png;008.jpg;EUR 44,72;COP 563.472;
;GAROFANO TIFFANY;GT;008;GT008;Garofano_Tiffany.png;008.jpg;EUR 44,72;COP 563.472;
;GAROFANO ROSA;GP;008;GP008;Garofano_Rosa.png;008.jpg;EUR 44,72;COP 563.472;
;GAROFANO LAVI;GL;008;GL008;Garofano_Lavi.png;008.jpg;EUR 44,72;COP 563.472;
;ROSSO E ORO;GRG;008;GRG008;Rosso_E_Oro.png;008.jpg;EUR 49,19;COP 619.819;
;AVORIO E ORO;GIG;008;GIG008;Avorio_E_Oro.png;008.jpg;EUR 49,19;COP 619.819;
Jug 1.00;GIALLO FIORE;GF;009;GF009;Giallo_Fiore.png;009.jpg;EUR 35,34;COP 445.334;
;BIANCO FIORE;BF;009;BF009;Bianco_Fiore.png;009.jpg;EUR 35,34;COP 445.334;
;MAZZETTO;MZ;009;MZ009;Mazzetto.png;009.jpg;EUR 38,23;COP 481.723;
;GAROFANO BLU;GB;009;GB009;Garofano_Blu.png;009.jpg;EUR 44,00;COP 554.400;
;GAROFANO IMOLA;GI;009;GI009;Garofano_Imola.png;009.jpg;EUR 52,66;COP 663.466;
;GAROFANO TIFFANY;GT;009;GT009;Garofano_Tiffany.png;009.jpg;EUR 52,66;COP 663.466;
;GAROFANO ROSA;GP;009;GP009;Garofano_Rosa.png;009.jpg;EUR 52,66;COP 663.466;
;GAROFANO LAVI;GL;009;GL009;Garofano_Lavi.png;009.jpg;EUR 52,66;COP 663.466;
;ROSSO E ORO;GRG;009;GRG009;Rosso_E_Oro.png;009.jpg;EUR 57,92;COP 729.812;
;AVORIO E ORO;GIG;009;GIG009;Avorio_E_Oro.png;009.jpg;EUR 57,92;COP 729.812;
Jug 1.50;GIALLO FIORE;GF;010;GF010;Giallo_Fiore.png;010.jpg;EUR 38,23;COP 481.723;
;BIANCO FIORE;BF;010;BF010;Bianco_Fiore.png;010.jpg;EUR 38,23;COP 481.723;
;MAZZETTO;MZ;010;MZ010;Mazzetto.png;010.jpg;EUR 41,84;COP 527.184;
;GAROFANO BLU;GB;010;GB010;Garofano_Blu.png;010.jpg;EUR 47,61;COP 599.861;
;GAROFANO IMOLA;GI;010;GI010;Garofano_Imola.png;010.jpg;EUR 56,26;COP 708.926;
;GAROFANO TIFFANY;GT;010;GT010;Garofano_Tiffany.png;010.jpg;EUR 56,26;COP 708.926;
;GAROFANO ROSA;GP;010;GP010;Garofano_Rosa.png;010.jpg;EUR 56,26;COP 708.926;
;GAROFANO LAVI;GL;010;GL010;Garofano_Lavi.png;010.jpg;EUR 56,26;COP 708.926;
;ROSSO E ORO;GRG;010;GRG010;Rosso_E_Oro.png;010.jpg;EUR 61,89;COP 779.819;
;AVORIO E ORO;GIG;010;GIG010;Avorio_E_Oro.png;010.jpg;EUR 61,89;COP 779.819;
Jug 2.00;GIALLO FIORE;GF;011;GF011;Giallo_Fiore.png;011.jpg;EUR 42,56;COP 536.256;
;BIANCO FIORE;BF;011;BF011;Bianco_Fiore.png;011.jpg;EUR 42,56;COP 536.256;
;MAZZETTO;MZ;011;MZ011;Mazzetto.png;011.jpg;EUR 44,72;COP 563.472;
;GAROFANO BLU;GB;011;GB011;Garofano_Blu.png;011.jpg;EUR 50,49;COP 636.149;
;GAROFANO IMOLA;GI;011;GI011;Garofano_Imola.png;011.jpg;EUR 59,87;COP 754.387;
;GAROFANO TIFFANY;GT;011;GT011;Garofano_Tiffany.png;011.jpg;EUR 59,87;COP 754.387;
;GAROFANO ROSA;GP;011;GP011;Garofano_Rosa.png;011.jpg;EUR 59,87;COP 754.387;
;GAROFANO LAVI;GL;011;GL011;Garofano_Lavi.png;011.jpg;EUR 59,87;COP 754.387;
;ROSSO E ORO;GRG;011;GRG011;Rosso_E_Oro.png;011.jpg;EUR 65,86;COP 829.826;
;AVORIO E ORO;GIG;011;GIG011;Avorio_E_Oro.png;011.jpg;EUR 65,86;COP 829.826;
Coffee pot x 6;GIALLO FIORE;GF;016;GF016;Giallo_Fiore.png;016.jpg;EUR 59,14;COP 745.214;
;BIANCO FIORE;BF;016;BF016;Bianco_Fiore.png;016.jpg;EUR 59,14;COP 745.214;
;MAZZETTO;MZ;016;MZ016;Mazzetto.png;016.jpg;EUR 62,03;COP 781.603;
;GAROFANO BLU;GB;016;GB016;Garofano_Blu.png;016.jpg;EUR 63,47;COP 799.747;
;GAROFANO IMOLA;GI;016;GI016;Garofano_Imola.png;016.jpg;EUR 81,51;COP 1.027.051;
;GAROFANO TIFFANY;GT;016;GT016;Garofano_Tiffany.png;016.jpg;EUR 81,51;COP 1.027.051;
;GAROFANO ROSA;GP;016;GP016;Garofano_Rosa.png;016.jpg;EUR 81,51;COP 1.027.051;
;GAROFANO LAVI;GL;016;GL016;Garofano_Lavi.png;016.jpg;EUR 81,51;COP 1.027.051;
;ROSSO E ORO;GRG;016;GRG016;Rosso_E_Oro.png;016.jpg;EUR 89,66;COP 1.129.756;
;AVORIO E ORO;GIG;016;GIG016;Avorio_E_Oro.png;016.jpg;EUR 89,66;COP 1.129.756;
Coffee pot x 12;GIALLO FIORE;GF;017;GF017;Giallo_Fiore.png;017.jpg;EUR 71,41;COP 899.741;
;BIANCO FIORE;BF;017;BF017;Bianco_Fiore.png;017.jpg;EUR 71,41;COP 899.741;
;MAZZETTO;MZ;017;MZ017;Mazzetto.png;017.jpg;EUR 75,02;COP 945.202;
;GAROFANO BLU;GB;017;GB017;Garofano_Blu.png;017.jpg;EUR 80,06;COP 1.008.806;
;GAROFANO IMOLA;GI;017;GI017;Garofano_Imola.png;017.jpg;EUR 102,42;COP 1.290.542;
;GAROFANO TIFFANY;GT;017;GT017;Garofano_Tiffany.png;017.jpg;EUR 102,42;COP 1.290.542;
;GAROFANO ROSA;GP;017;GP017;Garofano_Rosa.png;017.jpg;EUR 102,42;COP 1.290.542;
;GAROFANO LAVI;GL;017;GL017;Garofano_Lavi.png;017.jpg;EUR 102,42;COP 1.290.542;
;ROSSO E ORO;GRG;017;GRG017;Rosso_E_Oro.png;017.jpg;EUR 112,67;COP 1.419.597;
;AVORIO E ORO;GIG;017;GIG017;Avorio_E_Oro.png;017.jpg;EUR 112,67;COP 1.419.597;
Candlestick with handle;GIALLO FIORE;GF;018;GF018;Giallo_Fiore.png;018.jpg;EUR 36,78;COP 463.478;
;BIANCO FIORE;BF;018;BF018;Bianco_Fiore.png;018.jpg;EUR 36,78;COP 463.478;
;MAZZETTO;MZ;018;MZ018;Mazzetto.png;018.jpg;EUR 38,23;COP 481.723;
;GAROFANO BLU;GB;018;GB018;Garofano_Blu.png;018.jpg;EUR 38,95;COP 490.795;
;GAROFANO IMOLA;GI;018;GI018;Garofano_Imola.png;018.jpg;EUR 45,44;COP 572.544;
;GAROFANO TIFFANY;GT;018;GT018;Garofano_Tiffany.png;018.jpg;EUR 45,44;COP 572.544;
;GAROFANO ROSA;GP;018;GP018;Garofano_Rosa.png;018.jpg;EUR 45,44;COP 572.544;
;GAROFANO LAVI;GL;018;GL018;Garofano_Lavi.png;018.jpg;EUR 45,44;COP 572.544;
;ROSSO E ORO;GRG;018;GRG018;Rosso_E_Oro.png;018.jpg;EUR 49,98;COP 629.798;
;AVORIO E ORO;GIG;018;GIG018;Avorio_E_Oro.png;018.jpg;EUR 49,98;COP 629.798;
New candlestick;GIALLO FIORE;GF;019;GF019;Giallo_Fiore.png;019.jpg;EUR 34,62;COP 436.262;
;BIANCO FIORE;BF;019;BF019;Bianco_Fiore.png;019.jpg;EUR 34,62;COP 436.262;
;MAZZETTO;MZ;019;MZ019;Mazzetto.png;019.jpg;EUR 36,06;COP 454.406;
;GAROFANO BLU;GB;019;GB019;Garofano_Blu.png;019.jpg;EUR 36,78;COP 463.478;
;GAROFANO IMOLA;GI;019;GI019;Garofano_Imola.png;019.jpg;EUR 43,28;COP 545.328;
;GAROFANO TIFFANY;GT;019;GT019;Garofano_Tiffany.png;019.jpg;EUR 43,28;COP 545.328;
;GAROFANO ROSA;GP;019;GP019;Garofano_Rosa.png;019.jpg;EUR 43,28;COP 545.328;
;GAROFANO LAVI;GL;019;GL019;Garofano_Lavi.png;019.jpg;EUR 43,28;COP 545.328;
;ROSSO E ORO;GRG;019;GRG019;Rosso_E_Oro.png;019.jpg;EUR 47,61;COP 599.861;
;AVORIO E ORO;GIG;019;GIG019;Avorio_E_Oro.png;019.jpg;EUR 47,61;COP 599.861;
Bowl - 15 cm;GIALLO FIORE;GF;020;GF020;Giallo_Fiore.png;020.jpg;EUR 15,14;COP 190.814;
;BIANCO FIORE;BF;020;BF020;Bianco_Fiore.png;020.jpg;EUR 15,14;COP 190.814;
;MAZZETTO;MZ;020;MZ020;Mazzetto.png;020.jpg;EUR 16,59;COP 209.059;
;GAROFANO BLU;GB;020;GB020;Garofano_Blu.png;020.jpg;EUR 23,80;COP 299.880;
;GAROFANO IMOLA;GI;020;GI020;Garofano_Imola.png;020.jpg;EUR 28,86;COP 363.586;
;GAROFANO TIFFANY;GT;020;GT020;Garofano_Tiffany.png;020.jpg;EUR 28,86;COP 363.586;
;GAROFANO ROSA;GP;020;GP020;Garofano_Rosa.png;020.jpg;EUR 28,86;COP 363.586;
;GAROFANO LAVI;GL;020;GL020;Garofano_Lavi.png;020.jpg;EUR 28,86;COP 363.586;
;ROSSO E ORO;GRG;020;GRG020;Rosso_E_Oro.png;020.jpg;EUR 31,74;COP 399.944;
;AVORIO E ORO;GIG;020;GIG020;Avorio_E_Oro.png;020.jpg;EUR 31,74;COP 399.944;
Bowl - 17 cm;GIALLO FIORE;GF;021;GF021;Giallo_Fiore.png;021.jpg;EUR 17,31;COP 218.131;
;BIANCO FIORE;BF;021;BF021;Bianco_Fiore.png;021.jpg;EUR 17,31;COP 218.131;
;MAZZETTO;MZ;021;MZ021;Mazzetto.png;021.jpg;EUR 23,08;COP 290.808;
;GAROFANO BLU;GB;021;GB021;Garofano_Blu.png;021.jpg;EUR 26,69;COP 336.269;
;GAROFANO IMOLA;GI;021;GI021;Garofano_Imola.png;021.jpg;EUR 33,90;COP 427.190;
;GAROFANO TIFFANY;GT;021;GT021;Garofano_Tiffany.png;021.jpg;EUR 33,90;COP 427.190;
;GAROFANO ROSA;GP;021;GP021;Garofano_Rosa.png;021.jpg;EUR 33,90;COP 427.190;
;GAROFANO LAVI;GL;021;GL021;Garofano_Lavi.png;021.jpg;EUR 33,90;COP 427.190;
;ROSSO E ORO;GRG;021;GRG021;Rosso_E_Oro.png;021.jpg;EUR 37,29;COP 469.909;
;AVORIO E ORO;GIG;021;GIG021;Avorio_E_Oro.png;021.jpg;EUR 37,29;COP 469.909;
Central appetizer bowl;GIALLO FIORE;GF;022;GF022;Giallo_Fiore.png;022.jpg;EUR 21,64;COP 272.664;
;BIANCO FIORE;BF;022;BF022;Bianco_Fiore.png;022.jpg;EUR 21,64;COP 272.664;
;MAZZETTO;MZ;022;MZ022;Mazzetto.png;022.jpg;EUR 23,08;COP 290.808;
;GAROFANO BLU;GB;022;GB022;Garofano_Blu.png;022.jpg;EUR 25,97;COP 327.197;
;GAROFANO IMOLA;GI;022;GI022;Garofano_Imola.png;022.jpg;EUR 28,86;COP 363.586;
;GAROFANO TIFFANY;GT;022;GT022;Garofano_Tiffany.png;022.jpg;EUR 28,86;COP 363.586;
;GAROFANO ROSA;GP;022;GP022;Garofano_Rosa.png;022.jpg;EUR 28,86;COP 363.586;
;GAROFANO LAVI;GL;022;GL022;Garofano_Lavi.png;022.jpg;EUR 28,86;COP 363.586;
;ROSSO E ORO;GRG;022;GRG022;Rosso_E_Oro.png;022.jpg;EUR 31,74;COP 399.944;
;AVORIO E ORO;GIG;022;GIG022;Avorio_E_Oro.png;022.jpg;EUR 31,74;COP 399.944;
Side appetizer bowl;GIALLO FIORE;GF;023;GF023;Giallo_Fiore.png;023.jpg;EUR 16,59;COP 209.059;
;BIANCO FIORE;BF;023;BF023;Bianco_Fiore.png;023.jpg;EUR 16,59;COP 209.059;
;MAZZETTO;MZ;023;MZ023;Mazzetto.png;023.jpg;EUR 17,31;COP 218.131;
;GAROFANO BLU;GB;023;GB023;Garofano_Blu.png;023.jpg;EUR 24,53;COP 309.053;
;GAROFANO IMOLA;GI;023;GI023;Garofano_Imola.png;023.jpg;EUR 31,74;COP 399.874;
;GAROFANO TIFFANY;GT;023;GT023;Garofano_Tiffany.png;023.jpg;EUR 31,74;COP 399.874;
;GAROFANO ROSA;GP;023;GP023;Garofano_Rosa.png;023.jpg;EUR 31,74;COP 399.874;
;GAROFANO LAVI;GL;023;GL023;Garofano_Lavi.png;023.jpg;EUR 31,74;COP 399.874;
;ROSSO E ORO;GRG;023;GRG023;Rosso_E_Oro.png;023.jpg;EUR 34,91;COP 439.861;
;AVORIO E ORO;GIG;023;GIG023;Avorio_E_Oro.png;023.jpg;EUR 34,91;COP 439.861;
Side ice cream bowl;GIALLO FIORE;GF;024;GF024;Giallo_Fiore.png;024.jpg;EUR 15,14;COP 190.814;
;BIANCO FIORE;BF;024;BF024;Bianco_Fiore.png;024.jpg;EUR 15,14;COP 190.814;
;MAZZETTO;MZ;024;MZ024;Mazzetto.png;024.jpg;EUR 20,92;COP 263.592;
;GAROFANO BLU;GB;024;GB024;Garofano_Blu.png;024.jpg;EUR 31,02;COP 390.802;
;GAROFANO IMOLA;GI;024;GI024;Garofano_Imola.png;024.jpg;EUR 41,11;COP 518.011;
;GAROFANO TIFFANY;GT;024;GT024;Garofano_Tiffany.png;024.jpg;EUR 41,11;COP 518.011;
;GAROFANO ROSA;GP;024;GP024;Garofano_Rosa.png;024.jpg;EUR 41,11;COP 518.011;
;GAROFANO LAVI;GL;024;GL024;Garofano_Lavi.png;024.jpg;EUR 41,11;COP 518.011;
;ROSSO E ORO;GRG;024;GRG024;Rosso_E_Oro.png;024.jpg;EUR 45,22;COP 569.812;
;AVORIO E ORO;GIG;024;GIG024;Avorio_E_Oro.png;024.jpg;EUR 45,22;COP 569.812;
Small fruit bowl;GIALLO FIORE;GF;025;GF025;Giallo_Fiore.png;025.jpg;EUR 17,31;COP 218.131;
;BIANCO FIORE;BF;025;BF025;Bianco_Fiore.png;025.jpg;EUR 17,31;COP 218.131;
;MAZZETTO;MZ;025;MZ025;Mazzetto.png;025.jpg;EUR 19,47;COP 245.347;
;GAROFANO BLU;GB;025;GB025;Garofano_Blu.png;025.jpg;EUR 26,69;COP 336.269;
;GAROFANO IMOLA;GI;025;GI025;Garofano_Imola.png;025.jpg;EUR 30,30;COP 381.730;
;GAROFANO TIFFANY;GT;025;GT025;Garofano_Tiffany.png;025.jpg;EUR 30,30;COP 381.730;
;GAROFANO ROSA;GP;025;GP025;Garofano_Rosa.png;025.jpg;EUR 30,30;COP 381.730;
;GAROFANO LAVI;GL;025;GL025;Garofano_Lavi.png;025.jpg;EUR 30,30;COP 381.730;
;ROSSO E ORO;GRG;025;GRG025;Rosso_E_Oro.png;025.jpg;EUR 33,33;COP 419.903;
;AVORIO E ORO;GIG;025;GIG025;Avorio_E_Oro.png;025.jpg;EUR 33,33;COP 419.903;
Medium fruit bowl;GIALLO FIORE;GF;026;GF026;Giallo_Fiore.png;026.jpg;EUR 23,80;COP 299.880;
;BIANCO FIORE;BF;026;BF026;Bianco_Fiore.png;026.jpg;EUR 23,80;COP 299.880;
;MAZZETTO;MZ;026;MZ026;Mazzetto.png;026.jpg;EUR 27,41;COP 345.341;
;GAROFANO BLU;GB;026;GB026;Garofano_Blu.png;026.jpg;EUR 40,39;COP 508.939;
;GAROFANO IMOLA;GI;026;GI026;Garofano_Imola.png;026.jpg;EUR 40,39;COP 508.939;
;GAROFANO TIFFANY;GT;026;GT026;Garofano_Tiffany.png;026.jpg;EUR 40,39;COP 508.939;
;GAROFANO ROSA;GP;026;GP026;Garofano_Rosa.png;026.jpg;EUR 40,39;COP 508.939;
;GAROFANO LAVI;GL;026;GL026;Garofano_Lavi.png;026.jpg;EUR 40,39;COP 508.939;
;ROSSO E ORO;GRG;026;GRG026;Rosso_E_Oro.png;026.jpg;EUR 44,43;COP 559.833;
;AVORIO E ORO;GIG;026;GIG026;Avorio_E_Oro.png;026.jpg;EUR 44,43;COP 559.833;
Large fruit bowl;GIALLO FIORE;GF;027;GF027;Giallo_Fiore.png;027.jpg;EUR 29,58;COP 372.658;
;BIANCO FIORE;BF;027;BF027;Bianco_Fiore.png;027.jpg;EUR 29,58;COP 372.658;
;MAZZETTO;MZ;027;MZ027;Mazzetto.png;027.jpg;EUR 34,62;COP 436.262;
;GAROFANO BLU;GB;027;GB027;Garofano_Blu.png;027.jpg;EUR 48,33;COP 608.933;
;GAROFANO IMOLA;GI;027;GI027;Garofano_Imola.png;027.jpg;EUR 51,94;COP 654.394;
;GAROFANO TIFFANY;GT;027;GT027;Garofano_Tiffany.png;027.jpg;EUR 51,94;COP 654.394;
;GAROFANO ROSA;GP;027;GP027;Garofano_Rosa.png;027.jpg;EUR 51,94;COP 654.394;
;GAROFANO LAVI;GL;027;GL027;Garofano_Lavi.png;027.jpg;EUR 51,94;COP 654.394;
;ROSSO E ORO;GRG;027;GRG027;Rosso_E_Oro.png;027.jpg;EUR 57,13;COP 719.833;
;AVORIO E ORO;GIG;027;GIG027;Avorio_E_Oro.png;027.jpg;EUR 57,13;COP 719.833;
Crudités bowl;GIALLO FIORE;GF;028;GF028;Giallo_Fiore.png;028.jpg;EUR 15,87;COP 199.987;
;BIANCO FIORE;BF;028;BF028;Bianco_Fiore.png;028.jpg;EUR 15,87;COP 199.987;
;MAZZETTO;MZ;028;MZ028;Mazzetto.png;028.jpg;EUR 19,47;COP 245.347;
;GAROFANO BLU;GB;028;GB028;Garofano_Blu.png;028.jpg;EUR 23,08;COP 290.808;
;GAROFANO IMOLA;GI;028;GI028;Garofano_Imola.png;028.jpg;EUR 28,13;COP 354.413;
;GAROFANO TIFFANY;GT;028;GT028;Garofano_Tiffany.png;028.jpg;EUR 28,13;COP 354.413;
;GAROFANO ROSA;GP;028;GP028;Garofano_Rosa.png;028.jpg;EUR 28,13;COP 354.413;
;GAROFANO LAVI;GL;028;GL028;Garofano_Lavi.png;028.jpg;EUR 28,13;COP 354.413;
;ROSSO E ORO;GRG;028;GRG028;Rosso_E_Oro.png;028.jpg;EUR 30,94;COP 389.854;
;AVORIO E ORO;GIG;028;GIG028;Avorio_E_Oro.png;028.jpg;EUR 30,94;COP 389.854;
Small oval-shaped bowl;GIALLO FIORE;GF;029;GF029;Giallo_Fiore.png;029.jpg;EUR 21,64;COP 272.664;
;BIANCO FIORE;BF;029;BF029;Bianco_Fiore.png;029.jpg;EUR 21,64;COP 272.664;
;MAZZETTO;MZ;029;MZ029;Mazzetto.png;029.jpg;EUR 24,53;COP 309.053;
;GAROFANO BLU;GB;029;GB029;Garofano_Blu.png;029.jpg;EUR 26,69;COP 336.269;
;GAROFANO IMOLA;GI;029;GI029;Garofano_Imola.png;029.jpg;EUR 36,78;COP 463.478;
;GAROFANO TIFFANY;GT;029;GT029;Garofano_Tiffany.png;029.jpg;EUR 36,78;COP 463.478;
;GAROFANO ROSA;GP;029;GP029;Garofano_Rosa.png;029.jpg;EUR 36,78;COP 463.478;
;GAROFANO LAVI;GL;029;GL029;Garofano_Lavi.png;029.jpg;EUR 36,78;COP 463.478;
;ROSSO E ORO;GRG;029;GRG029;Rosso_E_Oro.png;029.jpg;EUR 40,46;COP 509.826;
;AVORIO E ORO;GIG;029;GIG029;Avorio_E_Oro.png;029.jpg;EUR 40,46;COP 509.826;
Medium oval-shaped bowl;GIALLO FIORE;GF;030;GF030;Giallo_Fiore.png;030.jpg;EUR 23,80;COP 299.880;
;BIANCO FIORE;BF;030;BF030;Bianco_Fiore.png;030.jpg;EUR 23,80;COP 299.880;
;MAZZETTO;MZ;030;MZ030;Mazzetto.png;030.jpg;EUR 28,13;COP 354.413;
;GAROFANO BLU;GB;030;GB030;Garofano_Blu.png;030.jpg;EUR 31,74;COP 399.874;
;GAROFANO IMOLA;GI;030;GI030;Garofano_Imola.png;030.jpg;EUR 41,11;COP 518.011;
;GAROFANO TIFFANY;GT;030;GT030;Garofano_Tiffany.png;030.jpg;EUR 41,11;COP 518.011;
;GAROFANO ROSA;GP;030;GP030;Garofano_Rosa.png;030.jpg;EUR 41,11;COP 518.011;
;GAROFANO LAVI;GL;030;GL030;Garofano_Lavi.png;030.jpg;EUR 41,11;COP 518.011;
;ROSSO E ORO;GRG;030;GRG030;Rosso_E_Oro.png;030.jpg;EUR 45,22;COP 569.812;
;AVORIO E ORO;GIG;030;GIG030;Avorio_E_Oro.png;030.jpg;EUR 45,22;COP 569.812;
Large oval-shaped bowl;GIALLO FIORE;GF;031;GF031;Giallo_Fiore.png;031.jpg;EUR 28,13;COP 354.413;
;BIANCO FIORE;BF;031;BF031;Bianco_Fiore.png;031.jpg;EUR 28,13;COP 354.413;
;MAZZETTO;MZ;031;MZ031;Mazzetto.png;031.jpg;EUR 34,62;COP 436.262;
;GAROFANO BLU;GB;031;GB031;Garofano_Blu.png;031.jpg;EUR 38,23;COP 481.723;
;GAROFANO IMOLA;GI;031;GI031;Garofano_Imola.png;031.jpg;EUR 47,61;COP 599.861;
;GAROFANO TIFFANY;GT;031;GT031;Garofano_Tiffany.png;031.jpg;EUR 47,61;COP 599.861;
;GAROFANO ROSA;GP;031;GP031;Garofano_Rosa.png;031.jpg;EUR 47,61;COP 599.861;
;GAROFANO LAVI;GL;031;GL031;Garofano_Lavi.png;031.jpg;EUR 47,61;COP 599.861;
;ROSSO E ORO;GRG;031;GRG031;Rosso_E_Oro.png;031.jpg;EUR 52,37;COP 659.847;
;AVORIO E ORO;GIG;031;GIG031;Avorio_E_Oro.png;031.jpg;EUR 52,37;COP 659.847;
Small rectangular-shaped bowl;GIALLO FIORE;GF;032;GF032;Giallo_Fiore.png;032.jpg;EUR 21,64;COP 272.664;
;BIANCO FIORE;BF;032;BF032;Bianco_Fiore.png;032.jpg;EUR 21,64;COP 272.664;
;MAZZETTO;MZ;032;MZ032;Mazzetto.png;032.jpg;EUR 23,80;COP 299.880;
;GAROFANO BLU;GB;032;GB032;Garofano_Blu.png;032.jpg;EUR 25,97;COP 327.197;
;GAROFANO IMOLA;GI;032;GI032;Garofano_Imola.png;032.jpg;EUR 36,06;COP 454.406;
;GAROFANO TIFFANY;GT;032;GT032;Garofano_Tiffany.png;032.jpg;EUR 36,06;COP 454.406;
;GAROFANO ROSA;GP;032;GP032;Garofano_Rosa.png;032.jpg;EUR 36,06;COP 454.406;
;GAROFANO LAVI;GL;032;GL032;Garofano_Lavi.png;032.jpg;EUR 36,06;COP 454.406;
;ROSSO E ORO;GRG;032;GRG032;Rosso_E_Oro.png;032.jpg;EUR 39,67;COP 499.847;
;AVORIO E ORO;GIG;032;GIG032;Avorio_E_Oro.png;032.jpg;EUR 39,67;COP 499.847;
Medium rectangular-shaped bowl;GIALLO FIORE;GF;033;GF033;Giallo_Fiore.png;033.jpg;EUR 23,08;COP 290.808;
;BIANCO FIORE;BF;033;BF033;Bianco_Fiore.png;033.jpg;EUR 23,08;COP 290.808;
;MAZZETTO;MZ;033;MZ033;Mazzetto.png;033.jpg;EUR 25,97;COP 327.197;
;GAROFANO BLU;GB;033;GB033;Garofano_Blu.png;033.jpg;EUR 31,02;COP 390.802;
;GAROFANO IMOLA;GI;033;GI033;Garofano_Imola.png;033.jpg;EUR 40,39;COP 508.939;
;GAROFANO TIFFANY;GT;033;GT033;Garofano_Tiffany.png;033.jpg;EUR 40,39;COP 508.939;
;GAROFANO ROSA;GP;033;GP033;Garofano_Rosa.png;033.jpg;EUR 40,39;COP 508.939;
;GAROFANO LAVI;GL;033;GL033;Garofano_Lavi.png;033.jpg;EUR 40,39;COP 508.939;
;ROSSO E ORO;GRG;033;GRG033;Rosso_E_Oro.png;033.jpg;EUR 44,43;COP 559.833;
;AVORIO E ORO;GIG;033;GIG033;Avorio_E_Oro.png;033.jpg;EUR 44,43;COP 559.833;
Large rectangular-shaped bowl;GIALLO FIORE;GF;034;GF034;Giallo_Fiore.png;034.jpg;EUR 28,86;COP 363.586;
;BIANCO FIORE;BF;034;BF034;Bianco_Fiore.png;034.jpg;EUR 28,86;COP 363.586;
;MAZZETTO;MZ;034;MZ034;Mazzetto.png;034.jpg;EUR 33,18;COP 418.118;
;GAROFANO BLU;GB;034;GB034;Garofano_Blu.png;034.jpg;EUR 37,51;COP 472.651;
;GAROFANO IMOLA;GI;034;GI034;Garofano_Imola.png;034.jpg;EUR 46,16;COP 581.616;
;GAROFANO TIFFANY;GT;034;GT034;Garofano_Tiffany.png;034.jpg;EUR 46,16;COP 581.616;
;GAROFANO ROSA;GP;034;GP034;Garofano_Rosa.png;034.jpg;EUR 46,16;COP 581.616;
;GAROFANO LAVI;GL;034;GL034;Garofano_Lavi.png;034.jpg;EUR 46,16;COP 581.616;
;ROSSO E ORO;GRG;034;GRG034;Rosso_E_Oro.png;034.jpg;EUR 50,78;COP 639.778;
;AVORIO E ORO;GIG;034;GIG034;Avorio_E_Oro.png;034.jpg;EUR 50,78;COP 639.778;
Small spaghetti bowl;GIALLO FIORE;GF;035;GF035;Giallo_Fiore.png;035.jpg;EUR 23,80;COP 299.880;
;BIANCO FIORE;BF;035;BF035;Bianco_Fiore.png;035.jpg;EUR 23,80;COP 299.880;
;MAZZETTO;MZ;035;MZ035;Mazzetto.png;035.jpg;EUR 34,62;COP 436.262;
;GAROFANO BLU;GB;035;GB035;Garofano_Blu.png;035.jpg;EUR 38,95;COP 490.795;
;GAROFANO IMOLA;GI;035;GI035;Garofano_Imola.png;035.jpg;EUR 45,44;COP 572.544;
;GAROFANO TIFFANY;GT;035;GT035;Garofano_Tiffany.png;035.jpg;EUR 45,44;COP 572.544;
;GAROFANO ROSA;GP;035;GP035;Garofano_Rosa.png;035.jpg;EUR 45,44;COP 572.544;
;GAROFANO LAVI;GL;035;GL035;Garofano_Lavi.png;035.jpg;EUR 45,44;COP 572.544;
;ROSSO E ORO;GRG;035;GRG035;Rosso_E_Oro.png;035.jpg;EUR 49,98;COP 629.798;
;AVORIO E ORO;GIG;035;GIG035;Avorio_E_Oro.png;035.jpg;EUR 49,98;COP 629.798;
Large spaghetti bowl;GIALLO FIORE;GF;036;GF036;Giallo_Fiore.png;036.jpg;EUR 45,44;COP 572.544;
;BIANCO FIORE;BF;036;BF036;Bianco_Fiore.png;036.jpg;EUR 45,44;COP 572.544;
;MAZZETTO;MZ;036;MZ036;Mazzetto.png;036.jpg;EUR 54,82;COP 690.682;
;GAROFANO BLU;GB;036;GB036;Garofano_Blu.png;036.jpg;EUR 63,47;COP 799.747;
;GAROFANO IMOLA;GI;036;GI036;Garofano_Imola.png;036.jpg;EUR 67,08;COP 845.208;
;GAROFANO TIFFANY;GT;036;GT036;Garofano_Tiffany.png;036.jpg;EUR 67,08;COP 845.208;
;GAROFANO ROSA;GP;036;GP036;Garofano_Rosa.png;036.jpg;EUR 67,08;COP 845.208;
;GAROFANO LAVI;GL;036;GL036;Garofano_Lavi.png;036.jpg;EUR 67,08;COP 845.208;
;ROSSO E ORO;GRG;036;GRG036;Rosso_E_Oro.png;036.jpg;EUR 73,79;COP 929.729;
;AVORIO E ORO;GIG;036;GIG036;Avorio_E_Oro.png;036.jpg;EUR 73,79;COP 929.729;
Spoon;GIALLO FIORE;GF;037;GF037;Giallo_Fiore.png;037.jpg;EUR 16,59;COP 209.059;
;BIANCO FIORE;BF;037;BF037;Bianco_Fiore.png;037.jpg;EUR 16,59;COP 209.059;
;MAZZETTO;MZ;037;MZ037;Mazzetto.png;037.jpg;EUR 16,59;COP 209.059;
;GAROFANO BLU;GB;037;GB037;Garofano_Blu.png;037.jpg;EUR 17,31;COP 218.131;
;GAROFANO IMOLA;GI;037;GI037;Garofano_Imola.png;037.jpg;EUR 19,47;COP 245.347;
;GAROFANO TIFFANY;GT;037;GT037;Garofano_Tiffany.png;037.jpg;EUR 19,47;COP 245.347;
;GAROFANO ROSA;GP;037;GP037;Garofano_Rosa.png;037.jpg;EUR 19,47;COP 245.347;
;GAROFANO LAVI;GL;037;GL037;Garofano_Lavi.png;037.jpg;EUR 19,47;COP 245.347;
;ROSSO E ORO;GRG;037;GRG037;Rosso_E_Oro.png;037.jpg;EUR 21,42;COP 269.882;
;AVORIO E ORO;GIG;037;GIG037;Avorio_E_Oro.png;037.jpg;EUR 21,42;COP 269.882;
Small hexagonal plate;GIALLO FIORE;GF;038;GF038;Giallo_Fiore.png;038.jpg;EUR 13,70;COP 172.670;
;BIANCO FIORE;BF;038;BF038;Bianco_Fiore.png;038.jpg;EUR 13,70;COP 172.670;
;MAZZETTO;MZ;038;MZ038;Mazzetto.png;038.jpg;EUR 17,31;COP 218.131;
;GAROFANO BLU;GB;038;GB038;Garofano_Blu.png;038.jpg;EUR 24,53;COP 309.053;
;GAROFANO IMOLA;GI;038;GI038;Garofano_Imola.png;038.jpg;EUR 26,69;COP 336.269;
;GAROFANO TIFFANY;GT;038;GT038;Garofano_Tiffany.png;038.jpg;EUR 26,69;COP 336.269;
;GAROFANO ROSA;GP;038;GP038;Garofano_Rosa.png;038.jpg;EUR 26,69;COP 336.269;
;GAROFANO LAVI;GL;038;GL038;Garofano_Lavi.png;038.jpg;EUR 26,69;COP 336.269;
;ROSSO E ORO;GRG;038;GRG038;Rosso_E_Oro.png;038.jpg;EUR 29,36;COP 369.896;
;AVORIO E ORO;GIG;038;GIG038;Avorio_E_Oro.png;038.jpg;EUR 29,36;COP 369.896;
Large hexagonal plate;GIALLO FIORE;GF;039;GF039;Giallo_Fiore.png;039.jpg;EUR 31,02;COP 390.802;
;BIANCO FIORE;BF;039;BF039;Bianco_Fiore.png;039.jpg;EUR 31,02;COP 390.802;
;MAZZETTO;MZ;039;MZ039;Mazzetto.png;039.jpg;EUR 36,78;COP 463.478;
;GAROFANO BLU;GB;039;GB039;Garofano_Blu.png;039.jpg;EUR 51,94;COP 654.394;
;GAROFANO IMOLA;GI;039;GI039;Garofano_Imola.png;039.jpg;EUR 59,14;COP 745.214;
;GAROFANO TIFFANY;GT;039;GT039;Garofano_Tiffany.png;039.jpg;EUR 59,14;COP 745.214;
;GAROFANO ROSA;GP;039;GP039;Garofano_Rosa.png;039.jpg;EUR 59,14;COP 745.214;
;GAROFANO LAVI;GL;039;GL039;Garofano_Lavi.png;039.jpg;EUR 59,14;COP 745.214;
;ROSSO E ORO;GRG;039;GRG039;Rosso_E_Oro.png;039.jpg;EUR 65,06;COP 819.736;
;AVORIO E ORO;GIG;039;GIG039;Avorio_E_Oro.png;039.jpg;EUR 65,06;COP 819.736;
Cheese bowl with cover;GIALLO FIORE;GF;040;GF040;Giallo_Fiore.png;040.jpg;EUR 49,77;COP 627.077;
;BIANCO FIORE;BF;040;BF040;Bianco_Fiore.png;040.jpg;EUR 49,77;COP 627.077;
;MAZZETTO;MZ;040;MZ040;Mazzetto.png;040.jpg;EUR 53,38;COP 672.538;
;GAROFANO BLU;GB;040;GB040;Garofano_Blu.png;040.jpg;EUR 56,98;COP 717.998;
;GAROFANO IMOLA;GI;040;GI040;Garofano_Imola.png;040.jpg;EUR 69,97;COP 881.597;
;GAROFANO TIFFANY;GT;040;GT040;Garofano_Tiffany.png;040.jpg;EUR 69,97;COP 881.597;
;GAROFANO ROSA;GP;040;GP040;Garofano_Rosa.png;040.jpg;EUR 69,97;COP 881.597;
;GAROFANO LAVI;GL;040;GL040;Garofano_Lavi.png;040.jpg;EUR 69,97;COP 881.597;
;ROSSO E ORO;GRG;040;GRG040;Rosso_E_Oro.png;040.jpg;EUR 76,96;COP 969.756;
;AVORIO E ORO;GIG;040;GIG040;Avorio_E_Oro.png;040.jpg;EUR 76,96;COP 969.756;
Cheese bowl;GIALLO FIORE;GF;041;GF041;Giallo_Fiore.png;041.jpg;EUR 36,06;COP 454.406;
;BIANCO FIORE;BF;041;BF041;Bianco_Fiore.png;041.jpg;EUR 36,06;COP 454.406;
;MAZZETTO;MZ;041;MZ041;Mazzetto.png;041.jpg;EUR 42,56;COP 536.256;
;GAROFANO BLU;GB;041;GB041;Garofano_Blu.png;041.jpg;EUR 44,72;COP 563.472;
;GAROFANO IMOLA;GI;041;GI041;Garofano_Imola.png;041.jpg;EUR 64,92;COP 817.992;
;GAROFANO TIFFANY;GT;041;GT041;Garofano_Tiffany.png;041.jpg;EUR 64,92;COP 817.992;
;GAROFANO ROSA;GP;041;GP041;Garofano_Rosa.png;041.jpg;EUR 64,92;COP 817.992;
;GAROFANO LAVI;GL;041;GL041;Garofano_Lavi.png;041.jpg;EUR 64,92;COP 817.992;
;ROSSO E ORO;GRG;041;GRG041;Rosso_E_Oro.png;041.jpg;EUR 71,41;COP 899.791;
;AVORIO E ORO;GIG;041;GIG041;Avorio_E_Oro.png;041.jpg;EUR 71,41;COP 899.791;
Strawberry bowl;GIALLO FIORE;GF;042;GF042;Giallo_Fiore.png;042.jpg;EUR 30,30;COP 381.730;
;BIANCO FIORE;BF;042;BF042;Bianco_Fiore.png;042.jpg;EUR 30,30;COP 381.730;
;MAZZETTO;MZ;042;MZ042;Mazzetto.png;042.jpg;EUR 33,18;COP 418.118;
;GAROFANO BLU;GB;042;GB042;Garofano_Blu.png;042.jpg;EUR 46,16;COP 581.616;
;GAROFANO IMOLA;GI;042;GI042;Garofano_Imola.png;042.jpg;EUR 62,03;COP 781.603;
;GAROFANO TIFFANY;GT;042;GT042;Garofano_Tiffany.png;042.jpg;EUR 62,03;COP 781.603;
;GAROFANO ROSA;GP;042;GP042;Garofano_Rosa.png;042.jpg;EUR 62,03;COP 781.603;
;GAROFANO LAVI;GL;042;GL042;Garofano_Lavi.png;042.jpg;EUR 62,03;COP 781.603;
;ROSSO E ORO;GRG;042;GRG042;Rosso_E_Oro.png;042.jpg;EUR 68,24;COP 859.764;
;AVORIO E ORO;GIG;042;GIG042;Avorio_E_Oro.png;042.jpg;EUR 68,24;COP 859.764;
New fruit bowl with handles;GIALLO FIORE;GF;109;GF109;Giallo_Fiore.png;109.jpg;EUR 44,00;COP 554.400;
;BIANCO FIORE;BF;109;BF109;Bianco_Fiore.png;109.jpg;EUR 44,00;COP 554.400;
;MAZZETTO;MZ;109;MZ109;Mazzetto.png;109.jpg;EUR 48,33;COP 608.933;
;GAROFANO BLU;GB;109;GB109;Garofano_Blu.png;109.jpg;EUR 62,03;COP 781.603;
;GAROFANO IMOLA;GI;109;GI109;Garofano_Imola.png;109.jpg;EUR 67,08;COP 845.208;
;GAROFANO TIFFANY;GT;109;GT109;Garofano_Tiffany.png;109.jpg;EUR 67,08;COP 845.208;
;GAROFANO ROSA;GP;109;GP109;Garofano_Rosa.png;109.jpg;EUR 67,08;COP 845.208;
;GAROFANO LAVI;GL;109;GL109;Garofano_Lavi.png;109.jpg;EUR 67,08;COP 845.208;
;ROSSO E ORO;GRG;109;GRG109;Rosso_E_Oro.png;109.jpg;EUR 73,79;COP 929.729;
;AVORIO E ORO;GIG;109;GIG109;Avorio_E_Oro.png;109.jpg;EUR 73,79;COP 929.729;
Shallow fruit bowl with feet;GIALLO FIORE;GF;044;GF044;Giallo_Fiore.png;044.jpg;EUR 41,84;COP 527.184;
;BIANCO FIORE;BF;044;BF044;Bianco_Fiore.png;044.jpg;EUR 41,84;COP 527.184;
;MAZZETTO;MZ;044;MZ044;Mazzetto.png;044.jpg;EUR 47,61;COP 599.861;
;GAROFANO BLU;GB;044;GB044;Garofano_Blu.png;044.jpg;EUR 59,87;COP 754.387;
;GAROFANO IMOLA;GI;044;GI044;Garofano_Imola.png;044.jpg;EUR 66,36;COP 836.136;
;GAROFANO TIFFANY;GT;044;GT044;Garofano_Tiffany.png;044.jpg;EUR 66,36;COP 836.136;
;GAROFANO ROSA;GP;044;GP044;Garofano_Rosa.png;044.jpg;EUR 66,36;COP 836.136;
;GAROFANO LAVI;GL;044;GL044;Garofano_Lavi.png;044.jpg;EUR 66,36;COP 836.136;
;ROSSO E ORO;GRG;044;GRG044;Rosso_E_Oro.png;044.jpg;EUR 73,00;COP 919.750;
;AVORIO E ORO;GIG;044;GIG044;Avorio_E_Oro.png;044.jpg;EUR 73,00;COP 919.750;
High fruit bowl - 30 cm diameter;GIALLO FIORE;GF;045;GF045;Giallo_Fiore.png;045.jpg;EUR 54,82;COP 690.682;
;BIANCO FIORE;BF;045;BF045;Bianco_Fiore.png;045.jpg;EUR 54,82;COP 690.682;
;MAZZETTO;MZ;045;MZ045;Mazzetto.png;045.jpg;EUR 62,03;COP 781.603;
;GAROFANO BLU;GB;045;GB045;Garofano_Blu.png;045.jpg;EUR 74,30;COP 936.130;
;GAROFANO IMOLA;GI;045;GI045;Garofano_Imola.png;045.jpg;EUR 88,00;COP 1.108.800;
;GAROFANO TIFFANY;GT;045;GT045;Garofano_Tiffany.png;045.jpg;EUR 88,00;COP 1.108.800;
;GAROFANO ROSA;GP;045;GP045;Garofano_Rosa.png;045.jpg;EUR 88,00;COP 1.108.800;
;GAROFANO LAVI;GL;045;GL045;Garofano_Lavi.png;045.jpg;EUR 88,00;COP 1.108.800;
;ROSSO E ORO;GRG;045;GRG045;Rosso_E_Oro.png;045.jpg;EUR 96,80;COP 1.219.680;
;AVORIO E ORO;GIG;045;GIG045;Avorio_E_Oro.png;045.jpg;EUR 96,80;COP 1.219.680;
High salad bowl, diameter 33 cm;GIALLO FIORE;GF;046;GF046;Giallo_Fiore.png;046.jpg;EUR 59,87;COP 754.387;
;BIANCO FIORE;BF;046;BF046;Bianco_Fiore.png;046.jpg;EUR 59,87;COP 754.387;
;MAZZETTO;MZ;046;MZ046;Mazzetto.png;046.jpg;EUR 67,08;COP 845.208;
;GAROFANO BLU;GB;046;GB046;Garofano_Blu.png;046.jpg;EUR 77,90;COP 981.590;
;GAROFANO IMOLA;GI;046;GI046;Garofano_Imola.png;046.jpg;EUR 87,28;COP 1.099.728;
;GAROFANO TIFFANY;GT;046;GT046;Garofano_Tiffany.png;046.jpg;EUR 87,28;COP 1.099.728;
;GAROFANO ROSA;GP;046;GP046;Garofano_Rosa.png;046.jpg;EUR 87,28;COP 1.099.728;
;GAROFANO LAVI;GL;046;GL046;Garofano_Lavi.png;046.jpg;EUR 87,28;COP 1.099.728;
;ROSSO E ORO;GRG;046;GRG046;Rosso_E_Oro.png;046.jpg;EUR 96,01;COP 1.209.701;
;AVORIO E ORO;GIG;046;GIG046;Avorio_E_Oro.png;046.jpg;EUR 96,01;COP 1.209.701;
Oval salad bowl;GIALLO FIORE;GF;047;GF047;Giallo_Fiore.png;047.jpg;EUR 25,97;COP 327.197;
;BIANCO FIORE;BF;047;BF047;Bianco_Fiore.png;047.jpg;EUR 25,97;COP 327.197;
;MAZZETTO;MZ;047;MZ047;Mazzetto.png;047.jpg;EUR 28,86;COP 363.586;
;GAROFANO BLU;GB;047;GB047;Garofano_Blu.png;047.jpg;EUR 41,84;COP 527.184;
;GAROFANO IMOLA;GI;047;GI047;Garofano_Imola.png;047.jpg;EUR 48,33;COP 608.933;
;GAROFANO TIFFANY;GT;047;GT047;Garofano_Tiffany.png;047.jpg;EUR 48,33;COP 608.933;
;GAROFANO ROSA;GP;047;GP047;Garofano_Rosa.png;047.jpg;EUR 48,33;COP 608.933;
;GAROFANO LAVI;GL;047;GL047;Garofano_Lavi.png;047.jpg;EUR 48,33;COP 608.933;
;ROSSO E ORO;GRG;047;GRG047;Rosso_E_Oro.png;047.jpg;EUR 53,16;COP 669.826;
;AVORIO E ORO;GIG;047;GIG047;Avorio_E_Oro.png;047.jpg;EUR 53,16;COP 669.826;
Milk jug - 10 cm;GIALLO FIORE;GF;048;GF048;Giallo_Fiore.png;048.jpg;EUR 25,97;COP 327.197;
;BIANCO FIORE;BF;048;BF048;Bianco_Fiore.png;048.jpg;EUR 25,97;COP 327.197;
;MAZZETTO;MZ;048;MZ048;Mazzetto.png;048.jpg;EUR 26,69;COP 336.269;
;GAROFANO BLU;GB;048;GB048;Garofano_Blu.png;048.jpg;EUR 31,74;COP 399.874;
;GAROFANO IMOLA;GI;048;GI048;Garofano_Imola.png;048.jpg;EUR 38,95;COP 490.795;
;GAROFANO TIFFANY;GT;048;GT048;Garofano_Tiffany.png;048.jpg;EUR 38,95;COP 490.795;
;GAROFANO ROSA;GP;048;GP048;Garofano_Rosa.png;048.jpg;EUR 38,95;COP 490.795;
;GAROFANO LAVI;GL;048;GL048;Garofano_Lavi.png;048.jpg;EUR 38,95;COP 490.795;
;ROSSO E ORO;GRG;048;GRG048;Rosso_E_Oro.png;048.jpg;EUR 42,85;COP 539.875;
;AVORIO E ORO;GIG;048;GIG048;Avorio_E_Oro.png;048.jpg;EUR 42,85;COP 539.875;
Milk jug - 12 cm;GIALLO FIORE;GF;049;GF049;Giallo_Fiore.png;049.jpg;EUR 29,58;COP 372.658;
;BIANCO FIORE;BF;049;BF049;Bianco_Fiore.png;049.jpg;EUR 29,58;COP 372.658;
;MAZZETTO;MZ;049;MZ049;Mazzetto.png;049.jpg;EUR 31,74;COP 399.874;
;GAROFANO BLU;GB;049;GB049;Garofano_Blu.png;049.jpg;EUR 36,06;COP 454.406;
;GAROFANO IMOLA;GI;049;GI049;Garofano_Imola.png;049.jpg;EUR 43,28;COP 545.328;
;GAROFANO TIFFANY;GT;049;GT049;Garofano_Tiffany.png;049.jpg;EUR 43,28;COP 545.328;
;GAROFANO ROSA;GP;049;GP049;Garofano_Rosa.png;049.jpg;EUR 43,28;COP 545.328;
;GAROFANO LAVI;GL;049;GL049;Garofano_Lavi.png;049.jpg;EUR 43,28;COP 545.328;
;ROSSO E ORO;GRG;049;GRG049;Rosso_E_Oro.png;049.jpg;EUR 47,61;COP 599.861;
;AVORIO E ORO;GIG;049;GIG049;Avorio_E_Oro.png;049.jpg;EUR 47,61;COP 599.861;
Milk jug - 16 cm;GIALLO FIORE;GF;050;GF050;Giallo_Fiore.png;050.jpg;EUR 36,78;COP 463.478;
;BIANCO FIORE;BF;050;BF050;Bianco_Fiore.png;050.jpg;EUR 36,78;COP 463.478;
;MAZZETTO;MZ;050;MZ050;Mazzetto.png;050.jpg;EUR 37,51;COP 472.651;
;GAROFANO BLU;GB;050;GB050;Garofano_Blu.png;050.jpg;EUR 42,56;COP 536.256;
;GAROFANO IMOLA;GI;050;GI050;Garofano_Imola.png;050.jpg;EUR 51,22;COP 645.322;
;GAROFANO TIFFANY;GT;050;GT050;Garofano_Tiffany.png;050.jpg;EUR 51,22;COP 645.322;
;GAROFANO ROSA;GP;050;GP050;Garofano_Rosa.png;050.jpg;EUR 51,22;COP 645.322;
;GAROFANO LAVI;GL;050;GL050;Garofano_Lavi.png;050.jpg;EUR 51,22;COP 645.322;
;ROSSO E ORO;GRG;050;GRG050;Rosso_E_Oro.png;050.jpg;EUR 56,34;COP 709.854;
;AVORIO E ORO;GIG;050;GIG050;Avorio_E_Oro.png;050.jpg;EUR 56,34;COP 709.854;
Milk jug - 18 cm;GIALLO FIORE;GF;051;GF051;Giallo_Fiore.png;051.jpg;EUR 42,56;COP 536.256;
;BIANCO FIORE;BF;051;BF051;Bianco_Fiore.png;051.jpg;EUR 42,56;COP 536.256;
;MAZZETTO;MZ;051;MZ051;Mazzetto.png;051.jpg;EUR 44,72;COP 563.472;
;GAROFANO BLU;GB;051;GB051;Garofano_Blu.png;051.jpg;EUR 51,22;COP 645.322;
;GAROFANO IMOLA;GI;051;GI051;Garofano_Imola.png;051.jpg;EUR 64,92;COP 817.992;
;GAROFANO TIFFANY;GT;051;GT051;Garofano_Tiffany.png;051.jpg;EUR 64,92;COP 817.992;
;GAROFANO ROSA;GP;051;GP051;Garofano_Rosa.png;051.jpg;EUR 64,92;COP 817.992;
;GAROFANO LAVI;GL;051;GL051;Garofano_Lavi.png;051.jpg;EUR 64,92;COP 817.992;
;ROSSO E ORO;GRG;051;GRG051;Rosso_E_Oro.png;051.jpg;EUR 71,41;COP 899.791;
;AVORIO E ORO;GIG;051;GIG051;Avorio_E_Oro.png;051.jpg;EUR 71,41;COP 899.791;
Half-moon plate;GIALLO FIORE;GF;052;GF052;Giallo_Fiore.png;052.jpg;EUR 13,70;COP 172.670;
;BIANCO FIORE;BF;052;BF052;Bianco_Fiore.png;052.jpg;EUR 13,70;COP 172.670;
;MAZZETTO;MZ;052;MZ052;Mazzetto.png;052.jpg;EUR 22,36;COP 281.736;
;GAROFANO BLU;GB;052;GB052;Garofano_Blu.png;052.jpg;EUR 31,02;COP 390.802;
;GAROFANO IMOLA;GI;052;GI052;Garofano_Imola.png;052.jpg;EUR 36,78;COP 463.478;
;GAROFANO TIFFANY;GT;052;GT052;Garofano_Tiffany.png;052.jpg;EUR 36,78;COP 463.478;
;GAROFANO ROSA;GP;052;GP052;Garofano_Rosa.png;052.jpg;EUR 36,78;COP 463.478;
;GAROFANO LAVI;GL;052;GL052;Garofano_Lavi.png;052.jpg;EUR 36,78;COP 463.478;
;ROSSO E ORO;GRG;052;GRG052;Rosso_E_Oro.png;052.jpg;EUR 40,46;COP 509.826;
;AVORIO E ORO;GIG;052;GIG052;Avorio_E_Oro.png;052.jpg;EUR 40,46;COP 509.826;
Oval dish 16x22;GIALLO FIORE;GF;053;GF053;Giallo_Fiore.png;053.jpg;EUR 18,75;COP 236.275;
;BIANCO FIORE;BF;053;BF053;Bianco_Fiore.png;053.jpg;EUR 18,75;COP 236.275;
;MAZZETTO;MZ;053;MZ053;Mazzetto.png;053.jpg;EUR 23,08;COP 290.808;
;GAROFANO BLU;GB;053;GB053;Garofano_Blu.png;053.jpg;EUR 31,74;COP 399.874;
;GAROFANO IMOLA;GI;053;GI053;Garofano_Imola.png;053.jpg;EUR 36,78;COP 463.478;
;GAROFANO TIFFANY;GT;053;GT053;Garofano_Tiffany.png;053.jpg;EUR 36,78;COP 463.478;
;GAROFANO ROSA;GP;053;GP053;Garofano_Rosa.png;053.jpg;EUR 36,78;COP 463.478;
;GAROFANO LAVI;GL;053;GL053;Garofano_Lavi.png;053.jpg;EUR 36,78;COP 463.478;
;ROSSO E ORO;GRG;053;GRG053;Rosso_E_Oro.png;053.jpg;EUR 40,46;COP 509.826;
;AVORIO E ORO;GIG;053;GIG053;Avorio_E_Oro.png;053.jpg;EUR 40,46;COP 509.826;
Oval dish 28x21;GIALLO FIORE;GF;054;GF054;Giallo_Fiore.png;054.jpg;EUR 22,36;COP 281.736;
;BIANCO FIORE;BF;054;BF054;Bianco_Fiore.png;054.jpg;EUR 22,36;COP 281.736;
;MAZZETTO;MZ;054;MZ054;Mazzetto.png;054.jpg;EUR 26,69;COP 336.269;
;GAROFANO BLU;GB;054;GB054;Garofano_Blu.png;054.jpg;EUR 38,95;COP 490.795;
;GAROFANO IMOLA;GI;054;GI054;Garofano_Imola.png;054.jpg;EUR 44,72;COP 563.472;
;GAROFANO TIFFANY;GT;054;GT054;Garofano_Tiffany.png;054.jpg;EUR 44,72;COP 563.472;
;GAROFANO ROSA;GP;054;GP054;Garofano_Rosa.png;054.jpg;EUR 44,72;COP 563.472;
;GAROFANO LAVI;GL;054;GL054;Garofano_Lavi.png;054.jpg;EUR 44,72;COP 563.472;
;ROSSO E ORO;GRG;054;GRG054;Rosso_E_Oro.png;054.jpg;EUR 49,19;COP 619.819;
;AVORIO E ORO;GIG;054;GIG054;Avorio_E_Oro.png;054.jpg;EUR 49,19;COP 619.819;
Oval dish 32x24;GIALLO FIORE;GF;055;GF055;Giallo_Fiore.png;055.jpg;EUR 24,53;COP 309.053;
;BIANCO FIORE;BF;055;BF055;Bianco_Fiore.png;055.jpg;EUR 24,53;COP 309.053;
;MAZZETTO;MZ;055;MZ055;Mazzetto.png;055.jpg;EUR 28,86;COP 363.586;
;GAROFANO BLU;GB;055;GB055;Garofano_Blu.png;055.jpg;EUR 41,11;COP 518.011;
;GAROFANO IMOLA;GI;055;GI055;Garofano_Imola.png;055.jpg;EUR 47,61;COP 599.861;
;GAROFANO TIFFANY;GT;055;GT055;Garofano_Tiffany.png;055.jpg;EUR 47,61;COP 599.861;
;GAROFANO ROSA;GP;055;GP055;Garofano_Rosa.png;055.jpg;EUR 47,61;COP 599.861;
;GAROFANO LAVI;GL;055;GL055;Garofano_Lavi.png;055.jpg;EUR 47,61;COP 599.861;
;ROSSO E ORO;GRG;055;GRG055;Rosso_E_Oro.png;055.jpg;EUR 52,37;COP 659.847;
;AVORIO E ORO;GIG;055;GIG055;Avorio_E_Oro.png;055.jpg;EUR 52,37;COP 659.847;
Oval dish 38x30;GIALLO FIORE;GF;056;GF056;Giallo_Fiore.png;056.jpg;EUR 27,41;COP 345.341;
;BIANCO FIORE;BF;056;BF056;Bianco_Fiore.png;056.jpg;EUR 27,41;COP 345.341;
;MAZZETTO;MZ;056;MZ056;Mazzetto.png;056.jpg;EUR 34,62;COP 436.262;
;GAROFANO BLU;GB;056;GB056;Garofano_Blu.png;056.jpg;EUR 46,16;COP 581.616;
;GAROFANO IMOLA;GI;056;GI056;Garofano_Imola.png;056.jpg;EUR 57,70;COP 727.070;
;GAROFANO TIFFANY;GT;056;GT056;Garofano_Tiffany.png;056.jpg;EUR 57,70;COP 727.070;
;GAROFANO ROSA;GP;056;GP056;Garofano_Rosa.png;056.jpg;EUR 57,70;COP 727.070;
;GAROFANO LAVI;GL;056;GL056;Garofano_Lavi.png;056.jpg;EUR 57,70;COP 727.070;
;ROSSO E ORO;GRG;056;GRG056;Rosso_E_Oro.png;056.jpg;EUR 63,47;COP 799.777;
;AVORIO E ORO;GIG;056;GIG056;Avorio_E_Oro.png;056.jpg;EUR 63,47;COP 799.777;
Oval dish 45x36;GIALLO FIORE;GF;057;GF057;Giallo_Fiore.png;057.jpg;EUR 34,62;COP 436.262;
;BIANCO FIORE;BF;057;BF057;Bianco_Fiore.png;057.jpg;EUR 34,62;COP 436.262;
;MAZZETTO;MZ;057;MZ057;Mazzetto.png;057.jpg;EUR 38,23;COP 481.723;
;GAROFANO BLU;GB;057;GB057;Garofano_Blu.png;057.jpg;EUR 52,66;COP 663.466;
;GAROFANO IMOLA;GI;057;GI057;Garofano_Imola.png;057.jpg;EUR 69,97;COP 881.597;
;GAROFANO TIFFANY;GT;057;GT057;Garofano_Tiffany.png;057.jpg;EUR 69,97;COP 881.597;
;GAROFANO ROSA;GP;057;GP057;Garofano_Rosa.png;057.jpg;EUR 69,97;COP 881.597;
;GAROFANO LAVI;GL;057;GL057;Garofano_Lavi.png;057.jpg;EUR 69,97;COP 881.597;
;ROSSO E ORO;GRG;057;GRG057;Rosso_E_Oro.png;057.jpg;EUR 76,96;COP 969.756;
;AVORIO E ORO;GIG;057;GIG057;Avorio_E_Oro.png;057.jpg;EUR 76,96;COP 969.756;
Small oval fish dish;GIALLO FIORE;GF;058;GF058;Giallo_Fiore.png;058.jpg;EUR 24,53;COP 309.053;
;BIANCO FIORE;BF;058;BF058;Bianco_Fiore.png;058.jpg;EUR 24,53;COP 309.053;
;MAZZETTO;MZ;058;MZ058;Mazzetto.png;058.jpg;EUR 29,58;COP 372.658;
;GAROFANO BLU;GB;058;GB058;Garofano_Blu.png;058.jpg;EUR 40,39;COP 508.939;
;GAROFANO IMOLA;GI;058;GI058;Garofano_Imola.png;058.jpg;EUR 47,61;COP 599.861;
;GAROFANO TIFFANY;GT;058;GT058;Garofano_Tiffany.png;058.jpg;EUR 47,61;COP 599.861;
;GAROFANO ROSA;GP;058;GP058;Garofano_Rosa.png;058.jpg;EUR 47,61;COP 599.861;
;GAROFANO LAVI;GL;058;GL058;Garofano_Lavi.png;058.jpg;EUR 47,61;COP 599.861;
;ROSSO E ORO;GRG;058;GRG058;Rosso_E_Oro.png;058.jpg;EUR 52,37;COP 659.847;
;AVORIO E ORO;GIG;058;GIG058;Avorio_E_Oro.png;058.jpg;EUR 52,37;COP 659.847;
Large oval fish dish;GIALLO FIORE;GF;059;GF059;Giallo_Fiore.png;059.jpg;EUR 62,75;COP 790.675;
;BIANCO FIORE;BF;059;BF059;Bianco_Fiore.png;059.jpg;EUR 62,75;COP 790.675;
;MAZZETTO;MZ;059;MZ059;Mazzetto.png;059.jpg;EUR 66,36;COP 836.136;
;GAROFANO BLU;GB;059;GB059;Garofano_Blu.png;059.jpg;EUR 93,05;COP 1.172.405;
;GAROFANO IMOLA;GI;059;GI059;Garofano_Imola.png;059.jpg;EUR 98,10;COP 1.236.010;
;GAROFANO TIFFANY;GT;059;GT059;Garofano_Tiffany.png;059.jpg;EUR 98,10;COP 1.236.010;
;GAROFANO ROSA;GP;059;GP059;Garofano_Rosa.png;059.jpg;EUR 98,10;COP 1.236.010;
;GAROFANO LAVI;GL;059;GL059;Garofano_Lavi.png;059.jpg;EUR 98,10;COP 1.236.010;
;ROSSO E ORO;GRG;059;GRG059;Rosso_E_Oro.png;059.jpg;EUR 107,91;COP 1.359.611;
;AVORIO E ORO;GIG;059;GIG059;Avorio_E_Oro.png;059.jpg;EUR 107,91;COP 1.359.611;
Saucer for small coffee cup;GIALLO FIORE;GF;060;GF060;Giallo_Fiore.png;060.jpg;EUR 11,54;COP 145.454;
;BIANCO FIORE;BF;060;BF060;Bianco_Fiore.png;060.jpg;EUR 11,54;COP 145.454;
;MAZZETTO;MZ;060;MZ060;Mazzetto.png;060.jpg;EUR 15,14;COP 190.814;
;GAROFANO BLU;GB;060;GB060;Garofano_Blu.png;060.jpg;EUR 20,92;COP 263.592;
;GAROFANO IMOLA;GI;060;GI060;Garofano_Imola.png;060.jpg;EUR 23,08;COP 290.808;
;GAROFANO TIFFANY;GT;060;GT060;Garofano_Tiffany.png;060.jpg;EUR 23,08;COP 290.808;
;GAROFANO ROSA;GP;060;GP060;Garofano_Rosa.png;060.jpg;EUR 23,08;COP 290.808;
;GAROFANO LAVI;GL;060;GL060;Garofano_Lavi.png;060.jpg;EUR 23,08;COP 290.808;
;ROSSO E ORO;GRG;060;GRG060;Rosso_E_Oro.png;060.jpg;EUR 25,39;COP 319.889;
;AVORIO E ORO;GIG;060;GIG060;Avorio_E_Oro.png;060.jpg;EUR 25,39;COP 319.889;
Saucer for tea cup;GIALLO FIORE;GF;061;GF061;Giallo_Fiore.png;061.jpg;EUR 12,98;COP 163.598;
;BIANCO FIORE;BF;061;BF061;Bianco_Fiore.png;061.jpg;EUR 12,98;COP 163.598;
;MAZZETTO;MZ;061;MZ061;Mazzetto.png;061.jpg;EUR 17,31;COP 218.131;
;GAROFANO BLU;GB;061;GB061;Garofano_Blu.png;061.jpg;EUR 22,36;COP 281.736;
;GAROFANO IMOLA;GI;061;GI061;Garofano_Imola.png;061.jpg;EUR 28,86;COP 363.586;
;GAROFANO TIFFANY;GT;061;GT061;Garofano_Tiffany.png;061.jpg;EUR 28,86;COP 363.586;
;GAROFANO ROSA;GP;061;GP061;Garofano_Rosa.png;061.jpg;EUR 28,86;COP 363.586;
;GAROFANO LAVI;GL;061;GL061;Garofano_Lavi.png;061.jpg;EUR 28,86;COP 363.586;
;ROSSO E ORO;GRG;061;GRG061;Rosso_E_Oro.png;061.jpg;EUR 31,74;COP 399.944;
;AVORIO E ORO;GIG;061;GIG061;Avorio_E_Oro.png;061.jpg;EUR 31,74;COP 399.944;
Saucer for large coffee cup;GIALLO FIORE;GF;062;GF062;Giallo_Fiore.png;062.jpg;EUR 13,70;COP 172.670;
;BIANCO FIORE;BF;062;BF062;Bianco_Fiore.png;062.jpg;EUR 13,70;COP 172.670;
;MAZZETTO;MZ;062;MZ062;Mazzetto.png;062.jpg;EUR 18,75;COP 236.275;
;GAROFANO BLU;GB;062;GB062;Garofano_Blu.png;062.jpg;EUR 23,80;COP 299.880;
;GAROFANO IMOLA;GI;062;GI062;Garofano_Imola.png;062.jpg;EUR 33,18;COP 418.118;
;GAROFANO TIFFANY;GT;062;GT062;Garofano_Tiffany.png;062.jpg;EUR 33,18;COP 418.118;
;GAROFANO ROSA;GP;062;GP062;Garofano_Rosa.png;062.jpg;EUR 33,18;COP 418.118;
;GAROFANO LAVI;GL;062;GL062;Garofano_Lavi.png;062.jpg;EUR 33,18;COP 418.118;
;ROSSO E ORO;GRG;062;GRG062;Rosso_E_Oro.png;062.jpg;EUR 36,50;COP 459.930;
;AVORIO E ORO;GIG;062;GIG062;Avorio_E_Oro.png;062.jpg;EUR 36,50;COP 459.930;
Smooth saucer for large cup with
handle;GIALLO FIORE;GF;063;GF063;Giallo_Fiore.png;063.jpg;EUR 13,70;COP 172.670;
;BIANCO FIORE;BF;063;BF063;Bianco_Fiore.png;063.jpg;EUR 13,70;COP 172.670;
;MAZZETTO;MZ;063;MZ063;Mazzetto.png;063.jpg;EUR 18,75;COP 236.275;
;GAROFANO BLU;GB;063;GB063;Garofano_Blu.png;063.jpg;EUR 23,80;COP 299.880;
;GAROFANO IMOLA;GI;063;GI063;Garofano_Imola.png;063.jpg;EUR 33,18;COP 418.118;
;GAROFANO TIFFANY;GT;063;GT063;Garofano_Tiffany.png;063.jpg;EUR 33,18;COP 418.118;
;GAROFANO ROSA;GP;063;GP063;Garofano_Rosa.png;063.jpg;EUR 33,18;COP 418.118;
;GAROFANO LAVI;GL;063;GL063;Garofano_Lavi.png;063.jpg;EUR 33,18;COP 418.118;
;ROSSO E ORO;GRG;063;GRG063;Rosso_E_Oro.png;063.jpg;EUR 36,50;COP 459.930;
;AVORIO E ORO;GIG;063;GIG063;Avorio_E_Oro.png;063.jpg;EUR 36,50;COP 459.930;
Regular saucer for large cup
without handle;GIALLO FIORE;GF;064;GF064;Giallo_Fiore.png;064.jpg;EUR 15,87;COP 199.987;
;BIANCO FIORE;BF;064;BF064;Bianco_Fiore.png;064.jpg;EUR 15,87;COP 199.987;
;MAZZETTO;MZ;064;MZ064;Mazzetto.png;064.jpg;EUR 20,92;COP 263.592;
;GAROFANO BLU;GB;064;GB064;Garofano_Blu.png;064.jpg;EUR 27,41;COP 345.341;
;GAROFANO IMOLA;GI;064;GI064;Garofano_Imola.png;064.jpg;EUR 36,06;COP 454.406;
;GAROFANO TIFFANY;GT;064;GT064;Garofano_Tiffany.png;064.jpg;EUR 36,06;COP 454.406;
;GAROFANO ROSA;GP;064;GP064;Garofano_Rosa.png;064.jpg;EUR 36,06;COP 454.406;
;GAROFANO LAVI;GL;064;GL064;Garofano_Lavi.png;064.jpg;EUR 36,06;COP 454.406;
;ROSSO E ORO;GRG;064;GRG064;Rosso_E_Oro.png;064.jpg;EUR 39,67;COP 499.847;
;AVORIO E ORO;GIG;064;GIG064;Avorio_E_Oro.png;064.jpg;EUR 39,67;COP 499.847;
Saucer for English tea cup;GIALLO FIORE;GF;065;GF065;Giallo_Fiore.png;065.jpg;EUR 22,36;COP 281.736;
;BIANCO FIORE;BF;065;BF065;Bianco_Fiore.png;065.jpg;EUR 22,36;COP 281.736;
;MAZZETTO;MZ;065;MZ065;Mazzetto.png;065.jpg;EUR 28,13;COP 354.413;
;GAROFANO BLU;GB;065;GB065;Garofano_Blu.png;065.jpg;EUR 36,06;COP 454.406;
;GAROFANO IMOLA;GI;065;GI065;Garofano_Imola.png;065.jpg;EUR 50,49;COP 636.149;
;GAROFANO TIFFANY;GT;065;GT065;Garofano_Tiffany.png;065.jpg;EUR 50,49;COP 636.149;
;GAROFANO ROSA;GP;065;GP065;Garofano_Rosa.png;065.jpg;EUR 50,49;COP 636.149;
;GAROFANO LAVI;GL;065;GL065;Garofano_Lavi.png;065.jpg;EUR 50,49;COP 636.149;
;ROSSO E ORO;GRG;065;GRG065;Rosso_E_Oro.png;065.jpg;EUR 55,54;COP 699.764;
;AVORIO E ORO;GIG;065;GIG065;Avorio_E_Oro.png;065.jpg;EUR 55,54;COP 699.764;
Plate - 15 cm;GIALLO FIORE;GF;066;GF066;Giallo_Fiore.png;066.jpg;EUR 13,70;COP 172.670;
;BIANCO FIORE;BF;066;BF066;Bianco_Fiore.png;066.jpg;EUR 13,70;COP 172.670;
;MAZZETTO;MZ;066;MZ066;Mazzetto.png;066.jpg;EUR 21,64;COP 272.664;
;GAROFANO BLU;GB;066;GB066;Garofano_Blu.png;066.jpg;EUR 28,13;COP 354.413;
;GAROFANO IMOLA;GI;066;GI066;Garofano_Imola.png;066.jpg;EUR 36,78;COP 463.478;
;GAROFANO TIFFANY;GT;066;GT066;Garofano_Tiffany.png;066.jpg;EUR 36,78;COP 463.478;
;GAROFANO ROSA;GP;066;GP066;Garofano_Rosa.png;066.jpg;EUR 36,78;COP 463.478;
;GAROFANO LAVI;GL;066;GL066;Garofano_Lavi.png;066.jpg;EUR 36,78;COP 463.478;
;ROSSO E ORO;GRG;066;GRG066;Rosso_E_Oro.png;066.jpg;EUR 40,46;COP 509.826;
;AVORIO E ORO;GIG;066;GIG066;Avorio_E_Oro.png;066.jpg;EUR 40,46;COP 509.826;
Plate - 19 cm;GIALLO FIORE;GF;067;GF067;Giallo_Fiore.png;067.jpg;EUR 15,87;COP 199.987;
;BIANCO FIORE;BF;067;BF067;Bianco_Fiore.png;067.jpg;EUR 15,87;COP 199.987;
;MAZZETTO;MZ;067;MZ067;Mazzetto.png;067.jpg;EUR 24,53;COP 309.053;
;GAROFANO BLU;GB;067;GB067;Garofano_Blu.png;067.jpg;EUR 28,86;COP 363.586;
;GAROFANO IMOLA;GI;067;GI067;Garofano_Imola.png;067.jpg;EUR 38,23;COP 481.723;
;GAROFANO TIFFANY;GT;067;GT067;Garofano_Tiffany.png;067.jpg;EUR 38,23;COP 481.723;
;GAROFANO ROSA;GP;067;GP067;Garofano_Rosa.png;067.jpg;EUR 38,23;COP 481.723;
;GAROFANO LAVI;GL;067;GL067;Garofano_Lavi.png;067.jpg;EUR 38,23;COP 481.723;
;ROSSO E ORO;GRG;067;GRG067;Rosso_E_Oro.png;067.jpg;EUR 42,06;COP 529.896;
;AVORIO E ORO;GIG;067;GIG067;Avorio_E_Oro.png;067.jpg;EUR 42,06;COP 529.896;
Plate - 22 cm;GIALLO FIORE;GF;068;GF068;Giallo_Fiore.png;068.jpg;EUR 19,47;COP 245.347;
;BIANCO FIORE;BF;068;BF068;Bianco_Fiore.png;068.jpg;EUR 19,47;COP 245.347;
;MAZZETTO;MZ;068;MZ068;Mazzetto.png;068.jpg;EUR 27,41;COP 345.341;
;GAROFANO BLU;GB;068;GB068;Garofano_Blu.png;068.jpg;EUR 31,02;COP 390.802;
;GAROFANO IMOLA;GI;068;GI068;Garofano_Imola.png;068.jpg;EUR 42,56;COP 536.256;
;GAROFANO TIFFANY;GT;068;GT068;Garofano_Tiffany.png;068.jpg;EUR 42,56;COP 536.256;
;GAROFANO ROSA;GP;068;GP068;Garofano_Rosa.png;068.jpg;EUR 42,56;COP 536.256;
;GAROFANO LAVI;GL;068;GL068;Garofano_Lavi.png;068.jpg;EUR 42,56;COP 536.256;
;ROSSO E ORO;GRG;068;GRG068;Rosso_E_Oro.png;068.jpg;EUR 46,82;COP 589.882;
;AVORIO E ORO;GIG;068;GIG068;Avorio_E_Oro.png;068.jpg;EUR 46,82;COP 589.882;
Flat plate - 25 cm;GIALLO FIORE;GF;069;GF069;Giallo_Fiore.png;069.jpg;EUR 20,20;COP 254.520;
;BIANCO FIORE;BF;069;BF069;Bianco_Fiore.png;069.jpg;EUR 20,20;COP 254.520;
;MAZZETTO;MZ;069;MZ069;Mazzetto.png;069.jpg;EUR 28,86;COP 363.586;
;GAROFANO BLU;GB;069;GB069;Garofano_Blu.png;069.jpg;EUR 36,06;COP 454.406;
;GAROFANO IMOLA;GI;069;GI069;Garofano_Imola.png;069.jpg;EUR 44,72;COP 563.472;
;GAROFANO TIFFANY;GT;069;GT069;Garofano_Tiffany.png;069.jpg;EUR 44,72;COP 563.472;
;GAROFANO ROSA;GP;069;GP069;Garofano_Rosa.png;069.jpg;EUR 44,72;COP 563.472;
;GAROFANO LAVI;GL;069;GL069;Garofano_Lavi.png;069.jpg;EUR 44,72;COP 563.472;
;ROSSO E ORO;GRG;069;GRG069;Rosso_E_Oro.png;069.jpg;EUR 49,19;COP 619.819;
;AVORIO E ORO;GIG;069;GIG069;Avorio_E_Oro.png;069.jpg;EUR 49,19;COP 619.819;
Deep plate - 25 cm;GIALLO FIORE;GF;070;GF070;Giallo_Fiore.png;070.jpg;EUR 21,64;COP 272.664;
;BIANCO FIORE;BF;070;BF070;Bianco_Fiore.png;070.jpg;EUR 21,64;COP 272.664;
;MAZZETTO;MZ;070;MZ070;Mazzetto.png;070.jpg;EUR 30,30;COP 381.730;
;GAROFANO BLU;GB;070;GB070;Garofano_Blu.png;070.jpg;EUR 38,95;COP 490.795;
;GAROFANO IMOLA;GI;070;GI070;Garofano_Imola.png;070.jpg;EUR 46,16;COP 581.616;
;GAROFANO TIFFANY;GT;070;GT070;Garofano_Tiffany.png;070.jpg;EUR 46,16;COP 581.616;
;GAROFANO ROSA;GP;070;GP070;Garofano_Rosa.png;070.jpg;EUR 46,16;COP 581.616;
;GAROFANO LAVI;GL;070;GL070;Garofano_Lavi.png;070.jpg;EUR 46,16;COP 581.616;
;ROSSO E ORO;GRG;070;GRG070;Rosso_E_Oro.png;070.jpg;EUR 50,78;COP 639.778;
;AVORIO E ORO;GIG;070;GIG070;Avorio_E_Oro.png;070.jpg;EUR 50,78;COP 639.778;
Deep serving dish - 28 cm;GIALLO FIORE;GF;071;GF071;Giallo_Fiore.png;071.jpg;EUR 28,86;COP 363.586;
;BIANCO FIORE;BF;071;BF071;Bianco_Fiore.png;071.jpg;EUR 28,86;COP 363.586;
;MAZZETTO;MZ;071;MZ071;Mazzetto.png;071.jpg;EUR 33,90;COP 427.190;
;GAROFANO BLU;GB;071;GB071;Garofano_Blu.png;071.jpg;EUR 44,72;COP 563.472;
;GAROFANO IMOLA;GI;071;GI071;Garofano_Imola.png;071.jpg;EUR 55,54;COP 699.854;
;GAROFANO TIFFANY;GT;071;GT071;Garofano_Tiffany.png;071.jpg;EUR 55,54;COP 699.854;
;GAROFANO ROSA;GP;071;GP071;Garofano_Rosa.png;071.jpg;EUR 55,54;COP 699.854;
;GAROFANO LAVI;GL;071;GL071;Garofano_Lavi.png;071.jpg;EUR 55,54;COP 699.854;
;ROSSO E ORO;GRG;071;GRG071;Rosso_E_Oro.png;071.jpg;EUR 61,10;COP 769.840;
;AVORIO E ORO;GIG;071;GIG071;Avorio_E_Oro.png;071.jpg;EUR 61,10;COP 769.840;
Deep appetizer plate;GIALLO FIORE;GF;072;GF072;Giallo_Fiore.png;072.jpg;EUR 23,08;COP 290.808;
;BIANCO FIORE;BF;072;BF072;Bianco_Fiore.png;072.jpg;EUR 23,08;COP 290.808;
;MAZZETTO;MZ;072;MZ072;Mazzetto.png;072.jpg;EUR 23,08;COP 290.808;
;GAROFANO BLU;GB;072;GB072;Garofano_Blu.png;072.jpg;EUR 23,08;COP 290.808;
;GAROFANO IMOLA;GI;072;GI072;Garofano_Imola.png;072.jpg;EUR 24,53;COP 309.053;
;GAROFANO TIFFANY;GT;072;GT072;Garofano_Tiffany.png;072.jpg;EUR 24,53;COP 309.053;
;GAROFANO ROSA;GP;072;GP072;Garofano_Rosa.png;072.jpg;EUR 24,53;COP 309.053;
;GAROFANO LAVI;GL;072;GL072;Garofano_Lavi.png;072.jpg;EUR 24,53;COP 309.053;
;ROSSO E ORO;GRG;072;GRG072;Rosso_E_Oro.png;072.jpg;EUR 26,98;COP 339.958;
;AVORIO E ORO;GIG;072;GIG072;Avorio_E_Oro.png;072.jpg;EUR 26,98;COP 339.958;
Stew dish with lid;GIALLO FIORE;GF;073;GF073;Giallo_Fiore.png;073.jpg;EUR 148,59;COP 1.872.259;
;BIANCO FIORE;BF;073;BF073;Bianco_Fiore.png;073.jpg;EUR 148,59;COP 1.872.259;
;MAZZETTO;MZ;073;MZ073;Mazzetto.png;073.jpg;EUR 152,92;COP 1.926.792;
;GAROFANO BLU;GB;073;GB073;Garofano_Blu.png;073.jpg;EUR 183,22;COP 2.308.522;
;GAROFANO IMOLA;GI;073;GI073;Garofano_Imola.png;073.jpg;EUR 196,92;COP 2.481.192;
;GAROFANO TIFFANY;GT;073;GT073;Garofano_Tiffany.png;073.jpg;EUR 196,92;COP 2.481.192;
;GAROFANO ROSA;GP;073;GP073;Garofano_Rosa.png;073.jpg;EUR 196,92;COP 2.481.192;
;GAROFANO LAVI;GL;073;GL073;Garofano_Lavi.png;073.jpg;EUR 196,92;COP 2.481.192;
;ROSSO E ORO;GRG;073;GRG073;Rosso_E_Oro.png;073.jpg;EUR 216,61;COP 2.729.311;
;AVORIO E ORO;GIG;073;GIG073;Avorio_E_Oro.png;073.jpg;EUR 216,61;COP 2.729.311;
Oil and vinegar set;GIALLO FIORE;GF;074;GF074;Giallo_Fiore.png;074.jpg;EUR 132,00;COP 1.663.200;
;BIANCO FIORE;BF;074;BF074;Bianco_Fiore.png;074.jpg;EUR 132,00;COP 1.663.200;
;MAZZETTO;MZ;074;MZ074;Mazzetto.png;074.jpg;EUR 136,33;COP 1.717.733;
;GAROFANO BLU;GB;074;GB074;Garofano_Blu.png;074.jpg;EUR 141,38;COP 1.781.338;
;GAROFANO IMOLA;GI;074;GI074;Garofano_Imola.png;074.jpg;EUR 144,98;COP 1.826.798;
;GAROFANO TIFFANY;GT;074;GT074;Garofano_Tiffany.png;074.jpg;EUR 144,98;COP 1.826.798;
;GAROFANO ROSA;GP;074;GP074;Garofano_Rosa.png;074.jpg;EUR 144,98;COP 1.826.798;
;GAROFANO LAVI;GL;074;GL074;Garofano_Lavi.png;074.jpg;EUR 144,98;COP 1.826.798;
;ROSSO E ORO;GRG;074;GRG074;Rosso_E_Oro.png;074.jpg;EUR 159,48;COP 2.009.478;
;AVORIO E ORO;GIG;074;GIG074;Avorio_E_Oro.png;074.jpg;EUR 159,48;COP 2.009.478;
Face powder dish;GIALLO FIORE;GF;075;GF075;Giallo_Fiore.png;075.jpg;EUR 25,97;COP 327.197;
;BIANCO FIORE;BF;075;BF075;Bianco_Fiore.png;075.jpg;EUR 25,97;COP 327.197;
;MAZZETTO;MZ;075;MZ075;Mazzetto.png;075.jpg;EUR 30,30;COP 381.730;
;GAROFANO BLU;GB;075;GB075;Garofano_Blu.png;075.jpg;EUR 31,74;COP 399.874;
;GAROFANO IMOLA;GI;075;GI075;Garofano_Imola.png;075.jpg;EUR 41,11;COP 518.011;
;GAROFANO TIFFANY;GT;075;GT075;Garofano_Tiffany.png;075.jpg;EUR 41,11;COP 518.011;
;GAROFANO ROSA;GP;075;GP075;Garofano_Rosa.png;075.jpg;EUR 41,11;COP 518.011;
;GAROFANO LAVI;GL;075;GL075;Garofano_Lavi.png;075.jpg;EUR 41,11;COP 518.011;
;ROSSO E ORO;GRG;075;GRG075;Rosso_E_Oro.png;075.jpg;EUR 45,22;COP 569.812;
;AVORIO E ORO;GIG;075;GIG075;Avorio_E_Oro.png;075.jpg;EUR 45,22;COP 569.812;
Jewellery box;GIALLO FIORE;GF;076;GF076;Giallo_Fiore.png;076.jpg;EUR 28,86;COP 363.586;
;BIANCO FIORE;BF;076;BF076;Bianco_Fiore.png;076.jpg;EUR 28,86;COP 363.586;
;MAZZETTO;MZ;076;MZ076;Mazzetto.png;076.jpg;EUR 33,18;COP 418.118;
;GAROFANO BLU;GB;076;GB076;Garofano_Blu.png;076.jpg;EUR 35,34;COP 445.334;
;GAROFANO IMOLA;GI;076;GI076;Garofano_Imola.png;076.jpg;EUR 44,00;COP 554.400;
;GAROFANO TIFFANY;GT;076;GT076;Garofano_Tiffany.png;076.jpg;EUR 44,00;COP 554.400;
;GAROFANO ROSA;GP;076;GP076;Garofano_Rosa.png;076.jpg;EUR 44,00;COP 554.400;
;GAROFANO LAVI;GL;076;GL076;Garofano_Lavi.png;076.jpg;EUR 44,00;COP 554.400;
;ROSSO E ORO;GRG;076;GRG076;Rosso_E_Oro.png;076.jpg;EUR 48,40;COP 609.840;
;AVORIO E ORO;GIG;076;GIG076;Avorio_E_Oro.png;076.jpg;EUR 48,40;COP 609.840;
Comb holder;GIALLO FIORE;GF;077;GF077;Giallo_Fiore.png;077.jpg;EUR 30,30;COP 381.730;
;BIANCO FIORE;BF;077;BF077;Bianco_Fiore.png;077.jpg;EUR 30,30;COP 381.730;
;MAZZETTO;MZ;077;MZ077;Mazzetto.png;077.jpg;EUR 37,51;COP 472.651;
;GAROFANO BLU;GB;077;GB077;Garofano_Blu.png;077.jpg;EUR 46,16;COP 581.616;
;GAROFANO IMOLA;GI;077;GI077;Garofano_Imola.png;077.jpg;EUR 55,54;COP 699.854;
;GAROFANO TIFFANY;GT;077;GT077;Garofano_Tiffany.png;077.jpg;EUR 55,54;COP 699.854;
;GAROFANO ROSA;GP;077;GP077;Garofano_Rosa.png;077.jpg;EUR 55,54;COP 699.854;
;GAROFANO LAVI;GL;077;GL077;Garofano_Lavi.png;077.jpg;EUR 55,54;COP 699.854;
;ROSSO E ORO;GRG;077;GRG077;Rosso_E_Oro.png;077.jpg;EUR 61,10;COP 769.840;
;AVORIO E ORO;GIG;077;GIG077;Avorio_E_Oro.png;077.jpg;EUR 61,10;COP 769.840;
Soap dish;GIALLO FIORE;GF;078;GF078;Giallo_Fiore.png;078.jpg;EUR 27,41;COP 345.341;
;BIANCO FIORE;BF;078;BF078;Bianco_Fiore.png;078.jpg;EUR 27,41;COP 345.341;
;MAZZETTO;MZ;078;MZ078;Mazzetto.png;078.jpg;EUR 31,02;COP 390.802;
;GAROFANO BLU;GB;078;GB078;Garofano_Blu.png;078.jpg;EUR 36,06;COP 454.406;
;GAROFANO IMOLA;GI;078;GI078;Garofano_Imola.png;078.jpg;EUR 44,72;COP 563.472;
;GAROFANO TIFFANY;GT;078;GT078;Garofano_Tiffany.png;078.jpg;EUR 44,72;COP 563.472;
;GAROFANO ROSA;GP;078;GP078;Garofano_Rosa.png;078.jpg;EUR 44,72;COP 563.472;
;GAROFANO LAVI;GL;078;GL078;Garofano_Lavi.png;078.jpg;EUR 44,72;COP 563.472;
;ROSSO E ORO;GRG;078;GRG078;Rosso_E_Oro.png;078.jpg;EUR 49,19;COP 619.819;
;AVORIO E ORO;GIG;078;GIG078;Avorio_E_Oro.png;078.jpg;EUR 49,19;COP 619.819;
Bread stick holder;GIALLO FIORE;GF;079;GF079;Giallo_Fiore.png;079.jpg;EUR 21,64;COP 272.664;
;BIANCO FIORE;BF;079;BF079;Bianco_Fiore.png;079.jpg;EUR 21,64;COP 272.664;
;MAZZETTO;MZ;079;MZ079;Mazzetto.png;079.jpg;EUR 23,08;COP 290.808;
;GAROFANO BLU;GB;079;GB079;Garofano_Blu.png;079.jpg;EUR 28,13;COP 354.413;
;GAROFANO IMOLA;GI;079;GI079;Garofano_Imola.png;079.jpg;EUR 36,78;COP 463.478;
;GAROFANO TIFFANY;GT;079;GT079;Garofano_Tiffany.png;079.jpg;EUR 36,78;COP 463.478;
;GAROFANO ROSA;GP;079;GP079;Garofano_Rosa.png;079.jpg;EUR 36,78;COP 463.478;
;GAROFANO LAVI;GL;079;GL079;Garofano_Lavi.png;079.jpg;EUR 36,78;COP 463.478;
;ROSSO E ORO;GRG;079;GRG079;Rosso_E_Oro.png;079.jpg;EUR 40,46;COP 509.826;
;AVORIO E ORO;GIG;079;GIG079;Avorio_E_Oro.png;079.jpg;EUR 40,46;COP 509.826;
Spoon holder;GIALLO FIORE;GF;108;GF108;Giallo_Fiore.png;108.jpg;EUR 21,64;COP 272.664;
;BIANCO FIORE;BF;108;BF108;Bianco_Fiore.png;108.jpg;EUR 21,64;COP 272.664;
;MAZZETTO;MZ;108;MZ108;Mazzetto.png;108.jpg;EUR 23,80;COP 299.880;
;GAROFANO BLU;GB;108;GB108;Garofano_Blu.png;108.jpg;EUR 23,80;COP 299.880;
;GAROFANO IMOLA;GI;108;GI108;Garofano_Imola.png;108.jpg;EUR 27,41;COP 345.341;
;GAROFANO TIFFANY;GT;108;GT108;Garofano_Tiffany.png;108.jpg;EUR 27,41;COP 345.341;
;GAROFANO ROSA;GP;108;GP108;Garofano_Rosa.png;108.jpg;EUR 27,41;COP 345.341;
;GAROFANO LAVI;GL;108;GL108;Garofano_Lavi.png;108.jpg;EUR 27,41;COP 345.341;
;ROSSO E ORO;GRG;108;GRG108;Rosso_E_Oro.png;108.jpg;EUR 30,15;COP 379.875;
;AVORIO E ORO;GIG;108;GIG108;Avorio_E_Oro.png;108.jpg;EUR 30,15;COP 379.875;
Tooth pick holder;GIALLO FIORE;GF;080;GF080;Giallo_Fiore.png;080.jpg;EUR 15,87;COP 199.987;
;BIANCO FIORE;BF;080;BF080;Bianco_Fiore.png;080.jpg;EUR 15,87;COP 199.987;
;MAZZETTO;MZ;080;MZ080;Mazzetto.png;080.jpg;EUR 17,31;COP 218.131;
;GAROFANO BLU;GB;080;GB080;Garofano_Blu.png;080.jpg;EUR 20,20;COP 254.520;
;GAROFANO IMOLA;GI;080;GI080;Garofano_Imola.png;080.jpg;EUR 22,36;COP 281.736;
;GAROFANO TIFFANY;GT;080;GT080;Garofano_Tiffany.png;080.jpg;EUR 22,36;COP 281.736;
;GAROFANO ROSA;GP;080;GP080;Garofano_Rosa.png;080.jpg;EUR 22,36;COP 281.736;
;GAROFANO LAVI;GL;080;GL080;Garofano_Lavi.png;080.jpg;EUR 22,36;COP 281.736;
;ROSSO E ORO;GRG;080;GRG080;Rosso_E_Oro.png;080.jpg;EUR 24,60;COP 309.910;
;AVORIO E ORO;GIG;080;GIG080;Avorio_E_Oro.png;080.jpg;EUR 24,60;COP 309.910;
Egg cup;GIALLO FIORE;GF;081;GF081;Giallo_Fiore.png;081.jpg;EUR 24,53;COP 309.053;
;BIANCO FIORE;BF;081;BF081;Bianco_Fiore.png;081.jpg;EUR 24,53;COP 309.053;
;MAZZETTO;MZ;081;MZ081;Mazzetto.png;081.jpg;EUR 26,69;COP 336.269;
;GAROFANO BLU;GB;081;GB081;Garofano_Blu.png;081.jpg;EUR 33,90;COP 427.190;
;GAROFANO IMOLA;GI;081;GI081;Garofano_Imola.png;081.jpg;EUR 42,56;COP 536.256;
;GAROFANO TIFFANY;GT;081;GT081;Garofano_Tiffany.png;081.jpg;EUR 42,56;COP 536.256;
;GAROFANO ROSA;GP;081;GP081;Garofano_Rosa.png;081.jpg;EUR 42,56;COP 536.256;
;GAROFANO LAVI;GL;081;GL081;Garofano_Lavi.png;081.jpg;EUR 42,56;COP 536.256;
;ROSSO E ORO;GRG;081;GRG081;Rosso_E_Oro.png;081.jpg;EUR 46,82;COP 589.882;
;AVORIO E ORO;GIG;081;GIG081;Avorio_E_Oro.png;081.jpg;EUR 46,82;COP 589.882;
Salt pot;GIALLO FIORE;GF;082;GF082;Giallo_Fiore.png;082.jpg;EUR 36,06;COP 454.406;
;BIANCO FIORE;BF;082;BF082;Bianco_Fiore.png;082.jpg;EUR 36,06;COP 454.406;
;MAZZETTO;MZ;082;MZ082;Mazzetto.png;082.jpg;EUR 47,61;COP 599.861;
;GAROFANO BLU;GB;082;GB082;Garofano_Blu.png;082.jpg;EUR 47,61;COP 599.861;
;GAROFANO IMOLA;GI;082;GI082;Garofano_Imola.png;082.jpg;EUR 59,14;COP 745.214;
;GAROFANO TIFFANY;GT;082;GT082;Garofano_Tiffany.png;082.jpg;EUR 59,14;COP 745.214;
;GAROFANO ROSA;GP;082;GP082;Garofano_Rosa.png;082.jpg;EUR 59,14;COP 745.214;
;GAROFANO LAVI;GL;082;GL082;Garofano_Lavi.png;082.jpg;EUR 59,14;COP 745.214;
;ROSSO E ORO;GRG;082;GRG082;Rosso_E_Oro.png;082.jpg;EUR 65,06;COP 819.736;
;AVORIO E ORO;GIG;082;GIG082;Avorio_E_Oro.png;082.jpg;EUR 65,06;COP 819.736;
Sauce boat;GIALLO FIORE;GF;083;GF083;Giallo_Fiore.png;083.jpg;EUR 38,95;COP 490.795;
;BIANCO FIORE;BF;083;BF083;Bianco_Fiore.png;083.jpg;EUR 38,95;COP 490.795;
;MAZZETTO;MZ;083;MZ083;Mazzetto.png;083.jpg;EUR 45,44;COP 572.544;
;GAROFANO BLU;GB;083;GB083;Garofano_Blu.png;083.jpg;EUR 48,33;COP 608.933;
;GAROFANO IMOLA;GI;083;GI083;Garofano_Imola.png;083.jpg;EUR 52,66;COP 663.466;
;GAROFANO TIFFANY;GT;083;GT083;Garofano_Tiffany.png;083.jpg;EUR 52,66;COP 663.466;
;GAROFANO ROSA;GP;083;GP083;Garofano_Rosa.png;083.jpg;EUR 52,66;COP 663.466;
;GAROFANO LAVI;GL;083;GL083;Garofano_Lavi.png;083.jpg;EUR 52,66;COP 663.466;
;ROSSO E ORO;GRG;083;GRG083;Rosso_E_Oro.png;083.jpg;EUR 57,92;COP 729.812;
;AVORIO E ORO;GIG;083;GIG083;Avorio_E_Oro.png;083.jpg;EUR 57,92;COP 729.812;
Lemon squeezer;GIALLO FIORE;GF;111;GF111;Giallo_Fiore.png;111.jpg;EUR 19,47;COP 245.347;
;BIANCO FIORE;BF;111;BF111;Bianco_Fiore.png;111.jpg;EUR 19,47;COP 245.347;
;MAZZETTO;MZ;111;MZ111;Mazzetto.png;111.jpg;EUR 19,47;COP 245.347;
;GAROFANO BLU;GB;111;GB111;Garofano_Blu.png;111.jpg;EUR 19,47;COP 245.347;
;GAROFANO IMOLA;GI;111;GI111;Garofano_Imola.png;111.jpg;EUR 19,47;COP 245.347;
;GAROFANO TIFFANY;GT;111;GT111;Garofano_Tiffany.png;111.jpg;EUR 19,47;COP 245.347;
;GAROFANO ROSA;GP;111;GP111;Garofano_Rosa.png;111.jpg;EUR 19,47;COP 245.347;
;GAROFANO LAVI;GL;111;GL111;Garofano_Lavi.png;111.jpg;EUR 19,47;COP 245.347;
;ROSSO E ORO;GRG;111;GRG111;Rosso_E_Oro.png;111.jpg;EUR 21,42;COP 269.882;
;AVORIO E ORO;GIG;111;GIG111;Avorio_E_Oro.png;111.jpg;EUR 21,42;COP 269.882;
Small coffee cup;GIALLO FIORE;GF;084;GF084;Giallo_Fiore.png;084.jpg;EUR 20,92;COP 263.592;
;BIANCO FIORE;BF;084;BF084;Bianco_Fiore.png;084.jpg;EUR 20,92;COP 263.592;
;MAZZETTO;MZ;084;MZ084;Mazzetto.png;084.jpg;EUR 24,53;COP 309.053;
;GAROFANO BLU;GB;084;GB084;Garofano_Blu.png;084.jpg;EUR 28,13;COP 354.413;
;GAROFANO IMOLA;GI;084;GI084;Garofano_Imola.png;084.jpg;EUR 29,58;COP 372.658;
;GAROFANO TIFFANY;GT;084;GT084;Garofano_Tiffany.png;084.jpg;EUR 29,58;COP 372.658;
;GAROFANO ROSA;GP;084;GP084;Garofano_Rosa.png;084.jpg;EUR 29,58;COP 372.658;
;GAROFANO LAVI;GL;084;GL084;Garofano_Lavi.png;084.jpg;EUR 29,58;COP 372.658;
;ROSSO E ORO;GRG;084;GRG084;Rosso_E_Oro.png;084.jpg;EUR 32,53;COP 409.923;
;AVORIO E ORO;GIG;084;GIG084;Avorio_E_Oro.png;084.jpg;EUR 32,53;COP 409.923;
Tea cup;GIALLO FIORE;GF;085;GF085;Giallo_Fiore.png;085.jpg;EUR 26,69;COP 336.269;
;BIANCO FIORE;BF;085;BF085;Bianco_Fiore.png;085.jpg;EUR 26,69;COP 336.269;
;MAZZETTO;MZ;085;MZ085;Mazzetto.png;085.jpg;EUR 29,58;COP 372.658;
;GAROFANO BLU;GB;085;GB085;Garofano_Blu.png;085.jpg;EUR 33,18;COP 418.118;
;GAROFANO IMOLA;GI;085;GI085;Garofano_Imola.png;085.jpg;EUR 36,78;COP 463.478;
;GAROFANO TIFFANY;GT;085;GT085;Garofano_Tiffany.png;085.jpg;EUR 36,78;COP 463.478;
;GAROFANO ROSA;GP;085;GP085;Garofano_Rosa.png;085.jpg;EUR 36,78;COP 463.478;
;GAROFANO LAVI;GL;085;GL085;Garofano_Lavi.png;085.jpg;EUR 36,78;COP 463.478;
;ROSSO E ORO;GRG;085;GRG085;Rosso_E_Oro.png;085.jpg;EUR 40,46;COP 509.826;
;AVORIO E ORO;GIG;085;GIG085;Avorio_E_Oro.png;085.jpg;EUR 40,46;COP 509.826;
Large coffee cup;GIALLO FIORE;GF;086;GF086;Giallo_Fiore.png;086.jpg;EUR 28,13;COP 354.413;
;BIANCO FIORE;BF;086;BF086;Bianco_Fiore.png;086.jpg;EUR 28,13;COP 354.413;
;MAZZETTO;MZ;086;MZ086;Mazzetto.png;086.jpg;EUR 33,18;COP 418.118;
;GAROFANO BLU;GB;086;GB086;Garofano_Blu.png;086.jpg;EUR 35,34;COP 445.334;
;GAROFANO IMOLA;GI;086;GI086;Garofano_Imola.png;086.jpg;EUR 44,00;COP 554.400;
;GAROFANO TIFFANY;GT;086;GT086;Garofano_Tiffany.png;086.jpg;EUR 44,00;COP 554.400;
;GAROFANO ROSA;GP;086;GP086;Garofano_Rosa.png;086.jpg;EUR 44,00;COP 554.400;
;GAROFANO LAVI;GL;086;GL086;Garofano_Lavi.png;086.jpg;EUR 44,00;COP 554.400;
;ROSSO E ORO;GRG;086;GRG086;Rosso_E_Oro.png;086.jpg;EUR 48,40;COP 609.840;
;AVORIO E ORO;GIG;086;GIG086;Avorio_E_Oro.png;086.jpg;EUR 48,40;COP 609.840;
Large smooth cup with handle;GIALLO FIORE;GF;087;GF087;Giallo_Fiore.png;087.jpg;EUR 27,41;COP 345.341;
;BIANCO FIORE;BF;087;BF087;Bianco_Fiore.png;087.jpg;EUR 27,41;COP 345.341;
;MAZZETTO;MZ;087;MZ087;Mazzetto.png;087.jpg;EUR 31,02;COP 390.802;
;GAROFANO BLU;GB;087;GB087;Garofano_Blu.png;087.jpg;EUR 33,90;COP 427.190;
;GAROFANO IMOLA;GI;087;GI087;Garofano_Imola.png;087.jpg;EUR 42,56;COP 536.256;
;GAROFANO TIFFANY;GT;087;GT087;Garofano_Tiffany.png;087.jpg;EUR 42,56;COP 536.256;
;GAROFANO ROSA;GP;087;GP087;Garofano_Rosa.png;087.jpg;EUR 42,56;COP 536.256;
;GAROFANO LAVI;GL;087;GL087;Garofano_Lavi.png;087.jpg;EUR 42,56;COP 536.256;
;ROSSO E ORO;GRG;087;GRG087;Rosso_E_Oro.png;087.jpg;EUR 46,82;COP 589.882;
;AVORIO E ORO;GIG;087;GIG087;Avorio_E_Oro.png;087.jpg;EUR 46,82;COP 589.882;
Large regular cup without handle;GIALLO FIORE;GF;088;GF088;Giallo_Fiore.png;088.jpg;EUR 26,69;COP 336.269;
;BIANCO FIORE;BF;088;BF088;Bianco_Fiore.png;088.jpg;EUR 26,69;COP 336.269;
;MAZZETTO;MZ;088;MZ088;Mazzetto.png;088.jpg;EUR 30,30;COP 381.730;
;GAROFANO BLU;GB;088;GB088;Garofano_Blu.png;088.jpg;EUR 33,18;COP 418.118;
;GAROFANO IMOLA;GI;088;GI088;Garofano_Imola.png;088.jpg;EUR 41,84;COP 527.184;
;GAROFANO TIFFANY;GT;088;GT088;Garofano_Tiffany.png;088.jpg;EUR 41,84;COP 527.184;
;GAROFANO ROSA;GP;088;GP088;Garofano_Rosa.png;088.jpg;EUR 41,84;COP 527.184;
;GAROFANO LAVI;GL;088;GL088;Garofano_Lavi.png;088.jpg;EUR 41,84;COP 527.184;
;ROSSO E ORO;GRG;088;GRG088;Rosso_E_Oro.png;088.jpg;EUR 46,02;COP 579.902;
;AVORIO E ORO;GIG;088;GIG088;Avorio_E_Oro.png;088.jpg;EUR 46,02;COP 579.902;
English tea cup;GIALLO FIORE;GF;089;GF089;Giallo_Fiore.png;089.jpg;EUR 25,97;COP 327.197;
;BIANCO FIORE;BF;089;BF089;Bianco_Fiore.png;089.jpg;EUR 25,97;COP 327.197;
;MAZZETTO;MZ;089;MZ089;Mazzetto.png;089.jpg;EUR 29,58;COP 372.658;
;GAROFANO BLU;GB;089;GB089;Garofano_Blu.png;089.jpg;EUR 31,02;COP 390.802;
;GAROFANO IMOLA;GI;089;GI089;Garofano_Imola.png;089.jpg;EUR 38,23;COP 481.723;
;GAROFANO TIFFANY;GT;089;GT089;Garofano_Tiffany.png;089.jpg;EUR 38,23;COP 481.723;
;GAROFANO ROSA;GP;089;GP089;Garofano_Rosa.png;089.jpg;EUR 38,23;COP 481.723;
;GAROFANO LAVI;GL;089;GL089;Garofano_Lavi.png;089.jpg;EUR 38,23;COP 481.723;
;ROSSO E ORO;GRG;089;GRG089;Rosso_E_Oro.png;089.jpg;EUR 42,06;COP 529.896;
;AVORIO E ORO;GIG;089;GIG089;Avorio_E_Oro.png;089.jpg;EUR 42,06;COP 529.896;
Small soup bowl;GIALLO FIORE;GF;090;GF090;Giallo_Fiore.png;090.jpg;EUR 49,77;COP 627.077;
;BIANCO FIORE;BF;090;BF090;Bianco_Fiore.png;090.jpg;EUR 49,77;COP 627.077;
;MAZZETTO;MZ;090;MZ090;Mazzetto.png;090.jpg;EUR 54,82;COP 690.682;
;GAROFANO BLU;GB;090;GB090;Garofano_Blu.png;090.jpg;EUR 56,98;COP 717.998;
;GAROFANO IMOLA;GI;090;GI090;Garofano_Imola.png;090.jpg;EUR 70,69;COP 890.669;
;GAROFANO TIFFANY;GT;090;GT090;Garofano_Tiffany.png;090.jpg;EUR 70,69;COP 890.669;
;GAROFANO ROSA;GP;090;GP090;Garofano_Rosa.png;090.jpg;EUR 70,69;COP 890.669;
;GAROFANO LAVI;GL;090;GL090;Garofano_Lavi.png;090.jpg;EUR 70,69;COP 890.669;
;ROSSO E ORO;GRG;090;GRG090;Rosso_E_Oro.png;090.jpg;EUR 77,76;COP 979.736;
;AVORIO E ORO;GIG;090;GIG090;Avorio_E_Oro.png;090.jpg;EUR 77,76;COP 979.736;
Large soup bowl;GIALLO FIORE;GF;091;GF091;Giallo_Fiore.png;091.jpg;EUR 58,42;COP 736.142;
;BIANCO FIORE;BF;091;BF091;Bianco_Fiore.png;091.jpg;EUR 58,42;COP 736.142;
;MAZZETTO;MZ;091;MZ091;Mazzetto.png;091.jpg;EUR 63,47;COP 799.747;
;GAROFANO BLU;GB;091;GB091;Garofano_Blu.png;091.jpg;EUR 67,08;COP 845.208;
;GAROFANO IMOLA;GI;091;GI091;Garofano_Imola.png;091.jpg;EUR 80,78;COP 1.017.878;
;GAROFANO TIFFANY;GT;091;GT091;Garofano_Tiffany.png;091.jpg;EUR 80,78;COP 1.017.878;
;GAROFANO ROSA;GP;091;GP091;Garofano_Rosa.png;091.jpg;EUR 80,78;COP 1.017.878;
;GAROFANO LAVI;GL;091;GL091;Garofano_Lavi.png;091.jpg;EUR 80,78;COP 1.017.878;
;ROSSO E ORO;GRG;091;GRG091;Rosso_E_Oro.png;091.jpg;EUR 88,86;COP 1.119.666;
;AVORIO E ORO;GIG;091;GIG091;Avorio_E_Oro.png;091.jpg;EUR 88,86;COP 1.119.666;
Teapot x 6 - 12 cm;GIALLO FIORE;GF;092;GF092;Giallo_Fiore.png;092.jpg;EUR 58,42;COP 736.142;
;BIANCO FIORE;BF;092;BF092;Bianco_Fiore.png;092.jpg;EUR 58,42;COP 736.142;
;MAZZETTO;MZ;092;MZ092;Mazzetto.png;092.jpg;EUR 60,59;COP 763.459;
;GAROFANO BLU;GB;092;GB092;Garofano_Blu.png;092.jpg;EUR 72,13;COP 908.813;
;GAROFANO IMOLA;GI;092;GI092;Garofano_Imola.png;092.jpg;EUR 85,11;COP 1.072.411;
;GAROFANO TIFFANY;GT;092;GT092;Garofano_Tiffany.png;092.jpg;EUR 85,11;COP 1.072.411;
;GAROFANO ROSA;GP;092;GP092;Garofano_Rosa.png;092.jpg;EUR 85,11;COP 1.072.411;
;GAROFANO LAVI;GL;092;GL092;Garofano_Lavi.png;092.jpg;EUR 85,11;COP 1.072.411;
;ROSSO E ORO;GRG;092;GRG092;Rosso_E_Oro.png;092.jpg;EUR 93,62;COP 1.179.652;
;AVORIO E ORO;GIG;092;GIG092;Avorio_E_Oro.png;092.jpg;EUR 93,62;COP 1.179.652;
Teapot x 12 - 14 cm;GIALLO FIORE;GF;093;GF093;Giallo_Fiore.png;093.jpg;EUR 69,25;COP 872.525;
;BIANCO FIORE;BF;093;BF093;Bianco_Fiore.png;093.jpg;EUR 69,25;COP 872.525;
;MAZZETTO;MZ;093;MZ093;Mazzetto.png;093.jpg;EUR 69,25;COP 872.525;
;GAROFANO BLU;GB;093;GB093;Garofano_Blu.png;093.jpg;EUR 80,06;COP 1.008.806;
;GAROFANO IMOLA;GI;093;GI093;Garofano_Imola.png;093.jpg;EUR 108,92;COP 1.372.392;
;GAROFANO TIFFANY;GT;093;GT093;Garofano_Tiffany.png;093.jpg;EUR 108,92;COP 1.372.392;
;GAROFANO ROSA;GP;093;GP093;Garofano_Rosa.png;093.jpg;EUR 108,92;COP 1.372.392;
;GAROFANO LAVI;GL;093;GL093;Garofano_Lavi.png;093.jpg;EUR 108,92;COP 1.372.392;
;ROSSO E ORO;GRG;093;GRG093;Rosso_E_Oro.png;093.jpg;EUR 119,81;COP 1.509.631;
;AVORIO E ORO;GIG;093;GIG093;Avorio_E_Oro.png;093.jpg;EUR 119,81;COP 1.509.631;
GRGund plate - 28 cm;GIALLO FIORE;GF;094;GF094;Giallo_Fiore.png;094.jpg;EUR 29,58;COP 372.658;
;BIANCO FIORE;BF;094;BF094;Bianco_Fiore.png;094.jpg;EUR 29,58;COP 372.658;
;MAZZETTO;MZ;094;MZ094;Mazzetto.png;094.jpg;EUR 31,74;COP 399.874;
;GAROFANO BLU;GB;094;GB094;Garofano_Blu.png;094.jpg;EUR 41,11;COP 518.011;
;GAROFANO IMOLA;GI;094;GI094;Garofano_Imola.png;094.jpg;EUR 54,82;COP 690.682;
;GAROFANO TIFFANY;GT;094;GT094;Garofano_Tiffany.png;094.jpg;EUR 54,82;COP 690.682;
;GAROFANO ROSA;GP;094;GP094;Garofano_Rosa.png;094.jpg;EUR 54,82;COP 690.682;
;GAROFANO LAVI;GL;094;GL094;Garofano_Lavi.png;094.jpg;EUR 54,82;COP 690.682;
;ROSSO E ORO;GRG;094;GRG094;Rosso_E_Oro.png;094.jpg;EUR 60,30;COP 759.750;
;AVORIO E ORO;GIG;094;GIG094;Avorio_E_Oro.png;094.jpg;EUR 60,30;COP 759.750;
GRGund plate - 32 cm;GIALLO FIORE;GF;095;GF095;Giallo_Fiore.png;095.jpg;EUR 34,62;COP 436.262;
;BIANCO FIORE;BF;095;BF095;Bianco_Fiore.png;095.jpg;EUR 34,62;COP 436.262;
;MAZZETTO;MZ;095;MZ095;Mazzetto.png;095.jpg;EUR 37,51;COP 472.651;
;GAROFANO BLU;GB;095;GB095;Garofano_Blu.png;095.jpg;EUR 50,49;COP 636.149;
;GAROFANO IMOLA;GI;095;GI095;Garofano_Imola.png;095.jpg;EUR 59,14;COP 745.214;
;GAROFANO TIFFANY;GT;095;GT095;Garofano_Tiffany.png;095.jpg;EUR 59,14;COP 745.214;
;GAROFANO ROSA;GP;095;GP095;Garofano_Rosa.png;095.jpg;EUR 59,14;COP 745.214;
;GAROFANO LAVI;GL;095;GL095;Garofano_Lavi.png;095.jpg;EUR 59,14;COP 745.214;
;ROSSO E ORO;GRG;095;GRG095;Rosso_E_Oro.png;095.jpg;EUR 65,06;COP 819.736;
;AVORIO E ORO;GIG;095;GIG095;Avorio_E_Oro.png;095.jpg;EUR 65,06;COP 819.736;
GRGund plate - 40 cm;GIALLO FIORE;GF;096;GF096;Giallo_Fiore.png;096.jpg;EUR 57,70;COP 727.070;
;BIANCO FIORE;BF;096;BF096;Bianco_Fiore.png;096.jpg;EUR 57,70;COP 727.070;
;MAZZETTO;MZ;096;MZ096;Mazzetto.png;096.jpg;EUR 59,87;COP 754.387;
;GAROFANO BLU;GB;096;GB096;Garofano_Blu.png;096.jpg;EUR 71,41;COP 899.741;
;GAROFANO IMOLA;GI;096;GI096;Garofano_Imola.png;096.jpg;EUR 82,95;COP 1.045.195;
;GAROFANO TIFFANY;GT;096;GT096;Garofano_Tiffany.png;096.jpg;EUR 82,95;COP 1.045.195;
;GAROFANO ROSA;GP;096;GP096;Garofano_Rosa.png;096.jpg;EUR 82,95;COP 1.045.195;
;GAROFANO LAVI;GL;096;GL096;Garofano_Lavi.png;096.jpg;EUR 82,95;COP 1.045.195;
;ROSSO E ORO;GRG;096;GRG096;Rosso_E_Oro.png;096.jpg;EUR 91,25;COP 1.149.715;
;AVORIO E ORO;GIG;096;GIG096;Avorio_E_Oro.png;096.jpg;EUR 91,25;COP 1.149.715;
Small tray;GIALLO FIORE;GF;097;GF097;Giallo_Fiore.png;097.jpg;EUR 23,08;COP 290.808;
;BIANCO FIORE;BF;097;BF097;Bianco_Fiore.png;097.jpg;EUR 23,08;COP 290.808;
;MAZZETTO;MZ;097;MZ097;Mazzetto.png;097.jpg;EUR 26,69;COP 336.269;
;GAROFANO BLU;GB;097;GB097;Garofano_Blu.png;097.jpg;EUR 33,90;COP 427.190;
;GAROFANO IMOLA;GI;097;GI097;Garofano_Imola.png;097.jpg;EUR 42,56;COP 536.256;
;GAROFANO TIFFANY;GT;097;GT097;Garofano_Tiffany.png;097.jpg;EUR 42,56;COP 536.256;
;GAROFANO ROSA;GP;097;GP097;Garofano_Rosa.png;097.jpg;EUR 42,56;COP 536.256;
;GAROFANO LAVI;GL;097;GL097;Garofano_Lavi.png;097.jpg;EUR 42,56;COP 536.256;
;ROSSO E ORO;GRG;097;GRG097;Rosso_E_Oro.png;097.jpg;EUR 46,82;COP 589.882;
;AVORIO E ORO;GIG;097;GIG097;Avorio_E_Oro.png;097.jpg;EUR 46,82;COP 589.882;
Large tray;GIALLO FIORE;GF;098;GF098;Giallo_Fiore.png;098.jpg;EUR 33,18;COP 418.118;
;BIANCO FIORE;BF;098;BF098;Bianco_Fiore.png;098.jpg;EUR 33,18;COP 418.118;
;MAZZETTO;MZ;098;MZ098;Mazzetto.png;098.jpg;EUR 37,51;COP 472.651;
;GAROFANO BLU;GB;098;GB098;Garofano_Blu.png;098.jpg;EUR 41,84;COP 527.184;
;GAROFANO IMOLA;GI;098;GI098;Garofano_Imola.png;098.jpg;EUR 53,38;COP 672.538;
;GAROFANO TIFFANY;GT;098;GT098;Garofano_Tiffany.png;098.jpg;EUR 53,38;COP 672.538;
;GAROFANO ROSA;GP;098;GP098;Garofano_Rosa.png;098.jpg;EUR 53,38;COP 672.538;
;GAROFANO LAVI;GL;098;GL098;Garofano_Lavi.png;098.jpg;EUR 53,38;COP 672.538;
;ROSSO E ORO;GRG;098;GRG098;Rosso_E_Oro.png;098.jpg;EUR 58,71;COP 739.791;
;AVORIO E ORO;GIG;098;GIG098;Avorio_E_Oro.png;098.jpg;EUR 58,71;COP 739.791;
Rectangular tray with small
handles;GIALLO FIORE;GF;099;GF099;Giallo_Fiore.png;099.jpg;EUR 16,59;COP 209.059;
;BIANCO FIORE;BF;099;BF099;Bianco_Fiore.png;099.jpg;EUR 16,59;COP 209.059;
;MAZZETTO;MZ;099;MZ099;Mazzetto.png;099.jpg;EUR 20,20;COP 254.520;
;GAROFANO BLU;GB;099;GB099;Garofano_Blu.png;099.jpg;EUR 23,80;COP 299.880;
;GAROFANO IMOLA;GI;099;GI099;Garofano_Imola.png;099.jpg;EUR 33,18;COP 418.118;
;GAROFANO TIFFANY;GT;099;GT099;Garofano_Tiffany.png;099.jpg;EUR 33,18;COP 418.118;
;GAROFANO ROSA;GP;099;GP099;Garofano_Rosa.png;099.jpg;EUR 33,18;COP 418.118;
;GAROFANO LAVI;GL;099;GL099;Garofano_Lavi.png;099.jpg;EUR 33,18;COP 418.118;
;ROSSO E ORO;GRG;099;GRG099;Rosso_E_Oro.png;099.jpg;EUR 36,50;COP 459.930;
;AVORIO E ORO;GIG;099;GIG099;Avorio_E_Oro.png;099.jpg;EUR 36,50;COP 459.930;
Museum tray;GIALLO FIORE;GF;107;GF107;Giallo_Fiore.png;107.jpg;EUR 122,62;COP 1.545.062;
;BIANCO FIORE;BF;107;BF107;Bianco_Fiore.png;107.jpg;EUR 122,62;COP 1.545.062;
;MAZZETTO;MZ;107;MZ107;Mazzetto.png;107.jpg;EUR 136,33;COP 1.717.733;
;GAROFANO BLU;GB;107;GB107;Garofano_Blu.png;107.jpg;EUR 158,69;COP 1.999.469;
;GAROFANO IMOLA;GI;107;GI107;Garofano_Imola.png;107.jpg;EUR 176,00;COP 2.217.600;
;GAROFANO TIFFANY;GT;107;GT107;Garofano_Tiffany.png;107.jpg;EUR 176,00;COP 2.217.600;
;GAROFANO ROSA;GP;107;GP107;Garofano_Rosa.png;107.jpg;EUR 176,00;COP 2.217.600;
;GAROFANO LAVI;GL;107;GL107;Garofano_Lavi.png;107.jpg;EUR 176,00;COP 2.217.600;
;ROSSO E ORO;GRG;107;GRG107;Rosso_E_Oro.png;107.jpg;EUR 193,60;COP 2.439.360;
;AVORIO E ORO;GIG;107;GIG107;Avorio_E_Oro.png;107.jpg;EUR 193,60;COP 2.439.360;
Sugar bowl - 8 cm;GIALLO FIORE;GF;101;GF101;Giallo_Fiore.png;101.jpg;EUR 41,84;COP 527.184;
;BIANCO FIORE;BF;101;BF101;Bianco_Fiore.png;101.jpg;EUR 41,84;COP 527.184;
;MAZZETTO;MZ;101;MZ101;Mazzetto.png;101.jpg;EUR 51,22;COP 645.322;
;GAROFANO BLU;GB;101;GB101;Garofano_Blu.png;101.jpg;EUR 55,54;COP 699.854;
;GAROFANO IMOLA;GI;101;GI101;Garofano_Imola.png;101.jpg;EUR 63,47;COP 799.747;
;GAROFANO TIFFANY;GT;101;GT101;Garofano_Tiffany.png;101.jpg;EUR 63,47;COP 799.747;
;GAROFANO ROSA;GP;101;GP101;Garofano_Rosa.png;101.jpg;EUR 63,47;COP 799.747;
;GAROFANO LAVI;GL;101;GL101;Garofano_Lavi.png;101.jpg;EUR 63,47;COP 799.747;
;ROSSO E ORO;GRG;101;GRG101;Rosso_E_Oro.png;101.jpg;EUR 69,82;COP 879.722;
;AVORIO E ORO;GIG;101;GIG101;Avorio_E_Oro.png;101.jpg;EUR 69,82;COP 879.722;
Sugar bowl - 9 cm;GIALLO FIORE;GF;102;GF102;Giallo_Fiore.png;102.jpg;EUR 45,44;COP 572.544;
;BIANCO FIORE;BF;102;BF102;Bianco_Fiore.png;102.jpg;EUR 45,44;COP 572.544;
;MAZZETTO;MZ;102;MZ102;Mazzetto.png;102.jpg;EUR 55,54;COP 699.854;
;GAROFANO BLU;GB;102;GB102;Garofano_Blu.png;102.jpg;EUR 59,87;COP 754.387;
;GAROFANO IMOLA;GI;102;GI102;Garofano_Imola.png;102.jpg;EUR 70,69;COP 890.669;
;GAROFANO TIFFANY;GT;102;GT102;Garofano_Tiffany.png;102.jpg;EUR 70,69;COP 890.669;
;GAROFANO ROSA;GP;102;GP102;Garofano_Rosa.png;102.jpg;EUR 70,69;COP 890.669;
;GAROFANO LAVI;GL;102;GL102;Garofano_Lavi.png;102.jpg;EUR 70,69;COP 890.669;
;ROSSO E ORO;GRG;102;GRG102;Rosso_E_Oro.png;102.jpg;EUR 77,76;COP 979.736;
;AVORIO E ORO;GIG;102;GIG102;Avorio_E_Oro.png;102.jpg;EUR 77,76;COP 979.736;
Sugar bowl - 11 cm;GIALLO FIORE;GF;103;GF103;Giallo_Fiore.png;103.jpg;EUR 52,66;COP 663.466;
;BIANCO FIORE;BF;103;BF103;Bianco_Fiore.png;103.jpg;EUR 52,66;COP 663.466;
;MAZZETTO;MZ;103;MZ103;Mazzetto.png;103.jpg;EUR 62,03;COP 781.603;
;GAROFANO BLU;GB;103;GB103;Garofano_Blu.png;103.jpg;EUR 67,08;COP 845.208;
;GAROFANO IMOLA;GI;103;GI103;Garofano_Imola.png;103.jpg;EUR 79,34;COP 999.734;
;GAROFANO TIFFANY;GT;103;GT103;Garofano_Tiffany.png;103.jpg;EUR 79,34;COP 999.734;
;GAROFANO ROSA;GP;103;GP103;Garofano_Rosa.png;103.jpg;EUR 79,34;COP 999.734;
;GAROFANO LAVI;GL;103;GL103;Garofano_Lavi.png;103.jpg;EUR 79,34;COP 999.734;
;ROSSO E ORO;GRG;103;GRG103;Rosso_E_Oro.png;103.jpg;EUR 87,28;COP 1.099.708;
;AVORIO E ORO;GIG;103;GIG103;Avorio_E_Oro.png;103.jpg;EUR 87,28;COP 1.099.708;
Soup serving bowl x 2;GIALLO FIORE;GF;104;GF104;Giallo_Fiore.png;104.jpg;EUR 132,00;COP 1.663.200;
;BIANCO FIORE;BF;104;BF104;Bianco_Fiore.png;104.jpg;EUR 132,00;COP 1.663.200;
;MAZZETTO;MZ;104;MZ104;Mazzetto.png;104.jpg;EUR 141,38;COP 1.781.338;
;GAROFANO BLU;GB;104;GB104;Garofano_Blu.png;104.jpg;EUR 158,69;COP 1.999.469;
;GAROFANO IMOLA;GI;104;GI104;Garofano_Imola.png;104.jpg;EUR 172,39;COP 2.172.139;
;GAROFANO TIFFANY;GT;104;GT104;Garofano_Tiffany.png;104.jpg;EUR 172,39;COP 2.172.139;
;GAROFANO ROSA;GP;104;GP104;Garofano_Rosa.png;104.jpg;EUR 172,39;COP 2.172.139;
;GAROFANO LAVI;GL;104;GL104;Garofano_Lavi.png;104.jpg;EUR 172,39;COP 2.172.139;
;ROSSO E ORO;GRG;104;GRG104;Rosso_E_Oro.png;104.jpg;EUR 189,63;COP 2.389.353;
;AVORIO E ORO;GIG;104;GIG104;Avorio_E_Oro.png;104.jpg;EUR 189,63;COP 2.389.353;
Soup serving bowl x 6;GIALLO FIORE;GF;105;GF105;Giallo_Fiore.png;105.jpg;EUR 165,18;COP 2.081.318;
;BIANCO FIORE;BF;105;BF105;Bianco_Fiore.png;105.jpg;EUR 165,18;COP 2.081.318;
;MAZZETTO;MZ;105;MZ105;Mazzetto.png;105.jpg;EUR 173,84;COP 2.190.384;
;GAROFANO BLU;GB;105;GB105;Garofano_Blu.png;105.jpg;EUR 196,20;COP 2.472.120;
;GAROFANO IMOLA;GI;105;GI105;Garofano_Imola.png;105.jpg;EUR 217,84;COP 2.744.784;
;GAROFANO TIFFANY;GT;105;GT105;Garofano_Tiffany.png;105.jpg;EUR 217,84;COP 2.744.784;
;GAROFANO ROSA;GP;105;GP105;Garofano_Rosa.png;105.jpg;EUR 217,84;COP 2.744.784;
;GAROFANO LAVI;GL;105;GL105;Garofano_Lavi.png;105.jpg;EUR 217,84;COP 2.744.784;
;ROSSO E ORO;GRG;105;GRG105;Rosso_E_Oro.png;105.jpg;EUR 239,62;COP 3.019.262;
;AVORIO E ORO;GIG;105;GIG105;Avorio_E_Oro.png;105.jpg;EUR 239,62;COP 3.019.262;
Soup serving bowl x 12;GIALLO FIORE;GF;106;GF106;Giallo_Fiore.png;106.jpg;EUR 197,64;COP 2.490.264;
;BIANCO FIORE;BF;106;BF106;Bianco_Fiore.png;106.jpg;EUR 197,64;COP 2.490.264;
;MAZZETTO;MZ;106;MZ106;Mazzetto.png;106.jpg;EUR 207,02;COP 2.608.402;
;GAROFANO BLU;GB;106;GB106;Garofano_Blu.png;106.jpg;EUR 224,33;COP 2.826.533;
;GAROFANO IMOLA;GI;106;GI106;Garofano_Imola.png;106.jpg;EUR 259,67;COP 3.271.867;
;GAROFANO TIFFANY;GT;106;GT106;Garofano_Tiffany.png;106.jpg;EUR 259,67;COP 3.271.867;
;GAROFANO ROSA;GP;106;GP106;Garofano_Rosa.png;106.jpg;EUR 259,67;COP 3.271.867;
;GAROFANO LAVI;GL;106;GL106;Garofano_Lavi.png;106.jpg;EUR 259,67;COP 3.271.867;
;ROSSO E ORO;GRG;106;GRG106;Rosso_E_Oro.png;106.jpg;EUR 285,64;COP 3.599.054;
;AVORIO E ORO;GIG;106;GIG106;Avorio_E_Oro.png;106.jpg;EUR 285,64;COP 3.599.054;